,epoch,loss,accuracy,macro_f,precision,recall,doc_entropy,val_loss,val_accuracy,val_macro_f,val_precision,val_recall,val_doc_entropy,test_loss,test_accuracy,test_macro_f,test_precision,test_recall,test_doc_entropy,split,seed,dropout_rate,embedding_type,max_length,head_num,arch_type,calculate_entropy,with_gru,run_id
0,2,0.079041,0.97496,0.974971,0.981523,0.97496,4.059845,0.169623,0.9462,0.945981,0.9614,0.9462,4.741968,0.163551,0.9489,0.947982,0.961123,0.9489,4.727743,valid,2021,0.2,roberta-wwm,256,60,BiAttentionClassifyModel,1,gru,cnews/keep_all/BiAttentionClassifyModel
1,1,0.2366,0.92794,0.926981,0.943434,0.92794,4.437721,0.184963,0.943,0.942811,0.958481,0.943,4.888159,0.171536,0.942,0.940979,0.955884,0.942,4.877349,valid,2021,0.2,roberta-wwm,256,60,BiAttentionClassifyModel,1,gru,cnews/keep_all/BiAttentionClassifyModel
2,2,0.077434,0.97504,0.975163,0.981964,0.97504,4.113407,0.207384,0.9354,0.932348,0.946635,0.9354,4.764842,0.170869,0.9487,0.948224,0.960241,0.9487,4.75622,valid,5,0.2,roberta-wwm,256,60,BiAttentionClassifyModel,1,gru,cnews/keep_all/BiAttentionClassifyModel
3,1,0.236792,0.9268,0.92533,0.941101,0.9268,4.389392,0.189533,0.9424,0.940288,0.956735,0.9424,4.886734,0.181339,0.9406,0.93889,0.955484,0.9406,4.874313,valid,5,0.2,roberta-wwm,256,60,BiAttentionClassifyModel,1,gru,cnews/keep_all/BiAttentionClassifyModel
4,2,0.078025,0.97474,0.974642,0.981354,0.97474,4.05245,0.216904,0.9336,0.930898,0.950284,0.9336,4.758399,0.208047,0.9365,0.935069,0.953226,0.9365,4.750786,valid,40,0.2,roberta-wwm,256,60,BiAttentionClassifyModel,1,gru,cnews/keep_all/BiAttentionClassifyModel
5,1,0.237781,0.92678,0.925266,0.940873,0.92678,4.400666,0.178106,0.9438,0.94224,0.956374,0.9438,4.834486,0.174283,0.9441,0.942444,0.956246,0.9441,4.826038,valid,40,0.2,roberta-wwm,256,60,BiAttentionClassifyModel,1,gru,cnews/keep_all/BiAttentionClassifyModel
6,2,0.078616,0.97498,0.975022,0.981812,0.97498,4.146124,0.227345,0.9348,0.932201,0.951251,0.9348,4.827314,0.216537,0.9366,0.934074,0.951672,0.9366,4.819316,valid,2020,0.2,roberta-wwm,256,60,BiAttentionClassifyModel,1,gru,cnews/keep_all/BiAttentionClassifyModel
7,1,0.235659,0.92816,0.926713,0.942481,0.92816,4.4478,0.18847,0.9426,0.940411,0.955682,0.9426,4.900403,0.182944,0.9425,0.940507,0.955851,0.9425,4.893961,valid,2020,0.2,roberta-wwm,256,60,BiAttentionClassifyModel,1,gru,cnews/keep_all/BiAttentionClassifyModel
8,2,0.079365,0.97462,0.974627,0.981402,0.97462,4.034338,0.173494,0.9468,0.945339,0.958556,0.9468,4.707082,0.142134,0.9551,0.954756,0.965115,0.9551,4.695599,valid,42,0.2,roberta-wwm,256,60,BiAttentionClassifyModel,1,gru,cnews/keep_all/BiAttentionClassifyModel
9,1,0.236741,0.92814,0.926703,0.941929,0.92814,4.34564,0.21478,0.933,0.930055,0.949176,0.933,4.833257,0.19348,0.9364,0.933665,0.951472,0.9364,4.821995,valid,42,0.2,roberta-wwm,256,60,BiAttentionClassifyModel,1,gru,cnews/keep_all/BiAttentionClassifyModel
10,2,0.088485,0.97216,0.97221,0.97952,0.97216,4.454499,0.207794,0.9382,0.936043,0.952787,0.9382,4.863386,0.219414,0.931,0.928523,0.946506,0.931,4.868457,valid,5,0.2,bert-base-chinese,256,50,BiAttentionClassifyModel,1,gru,cnews/keep_all/BiAttentionClassifyModel
11,1,0.237738,0.92698,0.925431,0.9408,0.92698,4.539756,0.175779,0.9488,0.947897,0.962086,0.9488,4.868601,0.18006,0.945,0.944244,0.959048,0.945,4.874422,valid,5,0.2,bert-base-chinese,256,50,BiAttentionClassifyModel,1,gru,cnews/keep_all/BiAttentionClassifyModel
12,2,0.085861,0.9728,0.972764,0.979714,0.9728,4.406157,0.202426,0.9376,0.935876,0.952515,0.9376,4.834946,0.182597,0.9414,0.940065,0.95578,0.9414,4.833959,valid,40,0.2,bert-base-chinese,256,50,BiAttentionClassifyModel,1,gru,cnews/keep_all/BiAttentionClassifyModel
13,1,0.23734,0.92578,0.924382,0.939982,0.92578,4.482619,0.161944,0.9506,0.949328,0.963049,0.9506,4.858363,0.16542,0.9474,0.945592,0.958001,0.9474,4.858256,valid,40,0.2,bert-base-chinese,256,50,BiAttentionClassifyModel,1,gru,cnews/keep_all/BiAttentionClassifyModel
14,2,0.087914,0.97212,0.971904,0.978881,0.97212,4.455848,0.149662,0.9554,0.954855,0.967661,0.9554,4.839241,0.161433,0.9497,0.948996,0.962482,0.9497,4.845574,valid,2020,0.2,bert-base-chinese,256,50,BiAttentionClassifyModel,1,gru,cnews/keep_all/BiAttentionClassifyModel
15,1,0.238433,0.92718,0.925855,0.942107,0.92718,4.550478,0.162627,0.9516,0.95016,0.962032,0.9516,4.878121,0.154157,0.9499,0.949657,0.962904,0.9499,4.8891,valid,2020,0.2,bert-base-chinese,256,50,BiAttentionClassifyModel,1,gru,cnews/keep_all/BiAttentionClassifyModel
16,2,0.087999,0.9718,0.971573,0.978728,0.9718,4.439515,0.192821,0.9406,0.938567,0.954423,0.9406,4.827015,0.180293,0.9438,0.942679,0.957411,0.9438,4.831449,valid,42,0.2,bert-base-chinese,256,50,BiAttentionClassifyModel,1,gru,cnews/keep_all/BiAttentionClassifyModel
17,1,0.239339,0.92678,0.925013,0.940107,0.92678,4.512873,0.208898,0.9352,0.933376,0.951435,0.9352,4.890333,0.191771,0.9381,0.93654,0.953126,0.9381,4.894043,valid,42,0.2,bert-base-chinese,256,50,BiAttentionClassifyModel,1,gru,cnews/keep_all/BiAttentionClassifyModel
18,2,0.087131,0.9725,0.972464,0.979615,0.9725,4.406133,0.22969,0.9282,0.924947,0.946279,0.9282,4.817494,0.204819,0.9386,0.93651,0.95377,0.9386,4.82702,valid,2021,0.2,bert-base-chinese,256,50,BiAttentionClassifyModel,1,gru,cnews/keep_all/BiAttentionClassifyModel
19,1,0.239379,0.92734,0.925935,0.942062,0.92734,4.476991,0.16115,0.9506,0.949084,0.961137,0.9506,4.816294,0.15338,0.9497,0.948724,0.961759,0.9497,4.826316,valid,2021,0.2,bert-base-chinese,256,50,BiAttentionClassifyModel,1,gru,cnews/keep_all/BiAttentionClassifyModel
20,3,0.035543,0.9889,0.988998,0.992067,0.9889,4.084708,0.202524,0.945,0.94368,0.959538,0.945,4.196583,0.211323,0.9445,0.943623,0.959004,0.9445,4.191624,valid,40,0.2,roberta-wwm,256,40,BiAttentionClassifyModel,1,,cnews/keep_all/BiAttentionClassifyModel
21,2,0.0746,0.97628,0.976249,0.982414,0.97628,4.277224,0.158142,0.9516,0.950705,0.962982,0.9516,4.324777,0.155321,0.9532,0.953322,0.965881,0.9532,4.316093,valid,40,0.2,roberta-wwm,256,40,BiAttentionClassifyModel,1,,cnews/keep_all/BiAttentionClassifyModel
22,1,0.228461,0.93344,0.931733,0.946478,0.93344,4.542484,0.195403,0.9368,0.934742,0.949848,0.9368,4.458607,0.164596,0.9479,0.947376,0.961868,0.9479,4.450859,valid,40,0.2,roberta-wwm,256,40,BiAttentionClassifyModel,1,,cnews/keep_all/BiAttentionClassifyModel
23,3,0.034509,0.98944,0.989365,0.992107,0.98944,3.959905,0.231081,0.9378,0.936819,0.954715,0.9378,4.028652,0.196824,0.9504,0.950384,0.963432,0.9504,4.026199,valid,2020,0.2,roberta-wwm,256,40,BiAttentionClassifyModel,1,,cnews/keep_all/BiAttentionClassifyModel
24,2,0.075235,0.97566,0.975644,0.981863,0.97566,4.183692,0.202384,0.9408,0.939908,0.956029,0.9408,4.211546,0.179222,0.9465,0.946146,0.96134,0.9465,4.218744,valid,2020,0.2,roberta-wwm,256,40,BiAttentionClassifyModel,1,,cnews/keep_all/BiAttentionClassifyModel
25,1,0.226424,0.93456,0.933159,0.947785,0.93456,4.389369,0.167769,0.9494,0.94862,0.962281,0.9494,4.26564,0.159267,0.9483,0.94747,0.960276,0.9483,4.275737,valid,2020,0.2,roberta-wwm,256,40,BiAttentionClassifyModel,1,,cnews/keep_all/BiAttentionClassifyModel
26,3,0.034212,0.9891,0.989078,0.991933,0.9891,3.861155,0.253098,0.9362,0.934465,0.95158,0.9362,3.766127,0.219473,0.9468,0.94606,0.960473,0.9468,3.787472,valid,4,0.2,roberta-wwm,256,40,BiAttentionClassifyModel,1,,cnews/keep_all/BiAttentionClassifyModel
27,2,0.073326,0.97652,0.976711,0.982842,0.97652,4.045732,0.250079,0.9274,0.924686,0.946812,0.9274,4.033192,0.204169,0.94,0.938897,0.956128,0.94,4.03512,valid,4,0.2,roberta-wwm,256,40,BiAttentionClassifyModel,1,,cnews/keep_all/BiAttentionClassifyModel
28,1,0.227394,0.93194,0.930341,0.945572,0.93194,4.344347,0.188435,0.9426,0.941886,0.956168,0.9426,4.118758,0.159544,0.9508,0.950293,0.962095,0.9508,4.135835,valid,4,0.2,roberta-wwm,256,40,BiAttentionClassifyModel,1,,cnews/keep_all/BiAttentionClassifyModel
29,3,0.034633,0.9894,0.989386,0.992201,0.9894,3.835343,0.269477,0.9304,0.92843,0.949002,0.9304,3.876109,0.227459,0.9435,0.942794,0.958449,0.9435,3.879279,valid,25,0.2,roberta-wwm,256,40,BiAttentionClassifyModel,1,,cnews/keep_all/BiAttentionClassifyModel
30,2,0.073207,0.97614,0.975859,0.981736,0.97614,4.034162,0.291772,0.9162,0.910661,0.933891,0.9162,4.045327,0.227143,0.935,0.932598,0.950031,0.935,4.022606,valid,25,0.2,roberta-wwm,256,40,BiAttentionClassifyModel,1,,cnews/keep_all/BiAttentionClassifyModel
31,1,0.227411,0.93388,0.932618,0.947112,0.93388,4.294071,0.185649,0.941,0.939701,0.955346,0.941,4.258198,0.1567,0.9487,0.947677,0.960404,0.9487,4.244412,valid,25,0.2,roberta-wwm,256,40,BiAttentionClassifyModel,1,,cnews/keep_all/BiAttentionClassifyModel
32,3,0.035032,0.9889,0.988867,0.991708,0.9889,3.895246,0.203423,0.9458,0.944771,0.958501,0.9458,3.895127,0.198041,0.9508,0.950081,0.963547,0.9508,3.904067,valid,2021,0.2,roberta-wwm,256,40,BiAttentionClassifyModel,1,,cnews/keep_all/BiAttentionClassifyModel
33,2,0.07506,0.97646,0.976397,0.982629,0.97646,4.112123,0.236561,0.9332,0.931678,0.950918,0.9332,3.831134,0.196707,0.9428,0.941108,0.956062,0.9428,3.859266,valid,2021,0.2,roberta-wwm,256,40,BiAttentionClassifyModel,1,,cnews/keep_all/BiAttentionClassifyModel
34,1,0.226918,0.9332,0.931465,0.946675,0.9332,4.386979,0.155609,0.9518,0.950435,0.961707,0.9518,3.963328,0.146582,0.954,0.95351,0.965133,0.954,3.977616,valid,2021,0.2,roberta-wwm,256,40,BiAttentionClassifyModel,1,,cnews/keep_all/BiAttentionClassifyModel
35,2,0.082368,0.97386,0.97364,0.980381,0.97386,3.007153,0.169219,0.9514,0.950041,0.962879,0.9514,3.687605,0.156356,0.9531,0.952574,0.965183,0.9531,3.67217,valid,42,0.2,bert-base-chinese,256,40,BiAttentionClassifyModel,1,gru,cnews/keep_all/BiAttentionClassifyModel
36,1,0.221365,0.93594,0.934979,0.949583,0.93594,3.387725,0.233644,0.9278,0.923466,0.944454,0.9278,4.009089,0.22904,0.9302,0.927984,0.948092,0.9302,4.007785,valid,42,0.2,bert-base-chinese,256,40,BiAttentionClassifyModel,1,gru,cnews/keep_all/BiAttentionClassifyModel
37,3,0.04906,0.98472,0.984744,0.988945,0.98472,3.297702,0.199347,0.9446,0.943296,0.957884,0.9446,3.370378,0.181225,0.9486,0.947976,0.961559,0.9486,3.371788,valid,2020,0.2,bert-base-chinese,256,40,BiAttentionClassifyModel,1,,cnews/keep_all/BiAttentionClassifyModel
38,2,0.082743,0.97374,0.973668,0.98039,0.97374,3.617146,0.168433,0.951,0.950622,0.963663,0.951,3.58848,0.135087,0.9568,0.9566,0.967008,0.9568,3.581709,valid,2020,0.2,bert-base-chinese,256,40,BiAttentionClassifyModel,1,,cnews/keep_all/BiAttentionClassifyModel
39,1,0.225795,0.9343,0.933192,0.948664,0.9343,4.085825,0.180706,0.948,0.946813,0.961146,0.948,3.848904,0.171639,0.9451,0.943674,0.957437,0.9451,3.842523,valid,2020,0.2,bert-base-chinese,256,40,BiAttentionClassifyModel,1,,cnews/keep_all/BiAttentionClassifyModel
40,3,0.049042,0.98444,0.984432,0.988525,0.98444,3.262647,0.148467,0.9592,0.958596,0.969757,0.9592,3.370935,0.148563,0.9598,0.959601,0.969585,0.9598,3.359139,valid,42,0.2,bert-base-chinese,256,40,BiAttentionClassifyModel,1,,cnews/keep_all/BiAttentionClassifyModel
41,2,0.084278,0.97292,0.972863,0.979863,0.97292,3.60622,0.187189,0.9462,0.945811,0.96236,0.9462,3.485615,0.17796,0.9464,0.945482,0.960322,0.9464,3.4782,valid,42,0.2,bert-base-chinese,256,40,BiAttentionClassifyModel,1,,cnews/keep_all/BiAttentionClassifyModel
42,1,0.2245,0.93492,0.933914,0.94949,0.93492,4.009716,0.179551,0.9434,0.942669,0.959335,0.9434,3.803256,0.176427,0.9419,0.941168,0.95848,0.9419,3.801397,valid,42,0.2,bert-base-chinese,256,40,BiAttentionClassifyModel,1,,cnews/keep_all/BiAttentionClassifyModel
43,3,0.048863,0.98466,0.984674,0.988544,0.98466,3.133979,0.172476,0.9528,0.951771,0.964142,0.9528,3.085356,0.168997,0.9558,0.955204,0.967065,0.9558,3.088918,valid,4,0.2,bert-base-chinese,256,40,BiAttentionClassifyModel,1,,cnews/keep_all/BiAttentionClassifyModel
44,2,0.084169,0.97278,0.972804,0.979847,0.97278,3.434442,0.149194,0.9586,0.957535,0.967857,0.9586,3.171147,0.148362,0.9545,0.953967,0.965327,0.9545,3.183516,valid,4,0.2,bert-base-chinese,256,40,BiAttentionClassifyModel,1,,cnews/keep_all/BiAttentionClassifyModel
45,1,0.225421,0.93462,0.933346,0.94868,0.93462,3.907186,0.17429,0.9502,0.949384,0.963022,0.9502,3.465349,0.165208,0.9466,0.94564,0.958253,0.9466,3.447761,valid,4,0.2,bert-base-chinese,256,40,BiAttentionClassifyModel,1,,cnews/keep_all/BiAttentionClassifyModel
46,3,0.049847,0.98396,0.983881,0.98792,0.98396,3.238556,0.171323,0.9528,0.952421,0.966485,0.9528,3.44313,0.150749,0.956,0.955923,0.967524,0.956,3.441553,valid,25,0.2,bert-base-chinese,256,40,BiAttentionClassifyModel,1,,cnews/keep_all/BiAttentionClassifyModel
47,2,0.082865,0.9742,0.974101,0.980477,0.9742,3.526627,0.172063,0.9454,0.943051,0.95855,0.9454,3.574132,0.174548,0.9469,0.94606,0.961069,0.9469,3.569234,valid,25,0.2,bert-base-chinese,256,40,BiAttentionClassifyModel,1,,cnews/keep_all/BiAttentionClassifyModel
48,1,0.228122,0.93326,0.931461,0.945952,0.93326,3.92328,0.171242,0.9482,0.947431,0.962105,0.9482,3.795654,0.174197,0.944,0.943098,0.958138,0.944,3.805476,valid,25,0.2,bert-base-chinese,256,40,BiAttentionClassifyModel,1,,cnews/keep_all/BiAttentionClassifyModel
49,3,0.051629,0.98336,0.98351,0.988054,0.98336,3.309989,0.204696,0.9404,0.939451,0.956711,0.9404,3.477961,0.172319,0.9506,0.950233,0.963862,0.9506,3.478735,valid,2021,0.2,bert-base-chinese,256,40,BiAttentionClassifyModel,1,,cnews/keep_all/BiAttentionClassifyModel
50,2,0.085581,0.97318,0.973025,0.979804,0.97318,3.509135,0.165047,0.9516,0.950302,0.962054,0.9516,3.428774,0.14934,0.9535,0.952694,0.963989,0.9535,3.436277,valid,2021,0.2,bert-base-chinese,256,40,BiAttentionClassifyModel,1,,cnews/keep_all/BiAttentionClassifyModel
51,1,0.229772,0.932,0.930371,0.945377,0.932,4.001159,0.192209,0.9404,0.939037,0.955769,0.9404,3.66278,0.173384,0.946,0.94564,0.96048,0.946,3.671866,valid,2021,0.2,bert-base-chinese,256,40,BiAttentionClassifyModel,1,,cnews/keep_all/BiAttentionClassifyModel
52,3,0.04906,0.98472,0.984744,0.988945,0.98472,3.297702,0.199347,0.9446,0.943296,0.957884,0.9446,3.370378,0.181225,0.9486,0.947976,0.961559,0.9486,3.371788,valid,2020,0.2,bert-base-chinese,256,40,BiAttentionClassifyModel,1,,cnews/keep_all/BiAttentionClassifyModel
53,2,0.082743,0.97374,0.973668,0.98039,0.97374,3.617146,0.168433,0.951,0.950622,0.963663,0.951,3.58848,0.135087,0.9568,0.9566,0.967008,0.9568,3.581709,valid,2020,0.2,bert-base-chinese,256,40,BiAttentionClassifyModel,1,,cnews/keep_all/BiAttentionClassifyModel
54,1,0.225795,0.9343,0.933192,0.948664,0.9343,4.085825,0.180706,0.948,0.946813,0.961146,0.948,3.848904,0.171639,0.9451,0.943674,0.957437,0.9451,3.842523,valid,2020,0.2,bert-base-chinese,256,40,BiAttentionClassifyModel,1,,cnews/keep_all/BiAttentionClassifyModel
55,3,0.049042,0.98444,0.984432,0.988525,0.98444,3.262647,0.148467,0.9592,0.958596,0.969757,0.9592,3.370935,0.148563,0.9598,0.959601,0.969585,0.9598,3.359139,valid,42,0.2,bert-base-chinese,256,40,BiAttentionClassifyModel,1,,cnews/keep_all/BiAttentionClassifyModel
56,2,0.084278,0.97292,0.972863,0.979863,0.97292,3.60622,0.187189,0.9462,0.945811,0.96236,0.9462,3.485615,0.17796,0.9464,0.945482,0.960322,0.9464,3.4782,valid,42,0.2,bert-base-chinese,256,40,BiAttentionClassifyModel,1,,cnews/keep_all/BiAttentionClassifyModel
57,1,0.2245,0.93492,0.933914,0.94949,0.93492,4.009716,0.179551,0.9434,0.942669,0.959335,0.9434,3.803256,0.176427,0.9419,0.941168,0.95848,0.9419,3.801397,valid,42,0.2,bert-base-chinese,256,40,BiAttentionClassifyModel,1,,cnews/keep_all/BiAttentionClassifyModel
58,3,0.121574,0.96108,0.960764,0.970904,0.96108,4.800997,0.294356,0.9166,0.914508,0.938155,0.9166,4.961473,0.246252,0.9333,0.932166,0.949314,0.9333,4.956453,valid,4,0.2,bert-base-chinese,256,20,BiAttentionClassifyModel,1,,cnews/keep_all/BiAttentionClassifyModel
59,2,0.157457,0.95116,0.951055,0.964019,0.95116,4.824051,0.438688,0.875,0.866096,0.900229,0.875,4.839222,0.381533,0.896,0.893574,0.925624,0.896,4.840751,valid,4,0.2,bert-base-chinese,256,20,BiAttentionClassifyModel,1,,cnews/keep_all/BiAttentionClassifyModel
60,1,0.247941,0.92632,0.925556,0.944924,0.92632,5.083278,0.397327,0.8826,0.874208,0.907878,0.8826,4.958416,0.345967,0.8989,0.89316,0.92085,0.8989,4.959077,valid,4,0.2,bert-base-chinese,256,20,BiAttentionClassifyModel,1,,cnews/keep_all/BiAttentionClassifyModel
61,3,0.116107,0.96324,0.963042,0.972729,0.96324,4.641704,0.278332,0.9164,0.915341,0.938793,0.9164,4.927971,0.265181,0.9257,0.924723,0.944119,0.9257,4.932035,valid,25,0.2,bert-base-chinese,256,20,BiAttentionClassifyModel,1,,cnews/keep_all/BiAttentionClassifyModel
62,2,0.16953,0.94582,0.94572,0.960633,0.94582,4.81673,0.291831,0.9032,0.897954,0.926238,0.9032,4.518295,0.241513,0.9255,0.924734,0.94539,0.9255,4.518564,valid,25,0.2,bert-base-chinese,256,20,BiAttentionClassifyModel,1,,cnews/keep_all/BiAttentionClassifyModel
63,1,0.25298,0.92284,0.922093,0.942058,0.92284,5.135784,0.287174,0.909,0.906856,0.934305,0.909,5.102761,0.314011,0.9042,0.902764,0.930422,0.9042,5.10114,valid,25,0.2,bert-base-chinese,256,20,BiAttentionClassifyModel,1,,cnews/keep_all/BiAttentionClassifyModel
64,3,0.129332,0.95898,0.958864,0.969737,0.95898,4.755331,0.365299,0.9038,0.894104,0.917165,0.9038,4.947907,0.374189,0.8955,0.887264,0.912583,0.8955,4.944808,valid,2021,0.2,bert-base-chinese,256,20,BiAttentionClassifyModel,1,,cnews/keep_all/BiAttentionClassifyModel
65,2,0.154469,0.95206,0.951896,0.964888,0.95206,4.773398,0.266703,0.9244,0.921692,0.940728,0.9244,4.805392,0.253258,0.9291,0.927301,0.94541,0.9291,4.807655,valid,2021,0.2,bert-base-chinese,256,20,BiAttentionClassifyModel,1,,cnews/keep_all/BiAttentionClassifyModel
66,1,0.24771,0.92434,0.923485,0.943374,0.92434,5.065331,0.317443,0.9084,0.901963,0.927896,0.9084,4.89354,0.302345,0.9063,0.901909,0.929666,0.9063,4.892521,valid,2021,0.2,bert-base-chinese,256,20,BiAttentionClassifyModel,1,,cnews/keep_all/BiAttentionClassifyModel
67,3,0.132268,0.9578,0.957662,0.969074,0.9578,4.681765,0.298134,0.9106,0.906941,0.93281,0.9106,4.643809,0.258411,0.9241,0.923402,0.944932,0.9241,4.648555,valid,2020,0.2,bert-base-chinese,256,20,BiAttentionClassifyModel,1,,cnews/keep_all/BiAttentionClassifyModel
68,2,0.164642,0.9492,0.949079,0.962667,0.9492,4.620153,0.306142,0.9108,0.906775,0.930104,0.9108,4.732524,0.273155,0.9212,0.91786,0.938099,0.9212,4.730353,valid,2020,0.2,bert-base-chinese,256,20,BiAttentionClassifyModel,1,,cnews/keep_all/BiAttentionClassifyModel
69,1,0.252117,0.92508,0.924617,0.944541,0.92508,5.129752,0.425848,0.8538,0.844392,0.892604,0.8538,4.941202,0.361683,0.8904,0.887834,0.924538,0.8904,4.945236,valid,2020,0.2,bert-base-chinese,256,20,BiAttentionClassifyModel,1,,cnews/keep_all/BiAttentionClassifyModel
70,3,0.118309,0.96206,0.962071,0.972353,0.96206,4.901272,0.244969,0.9272,0.926244,0.946356,0.9272,5.006584,0.235428,0.9316,0.93103,0.948739,0.9316,5.005123,valid,42,0.2,bert-base-chinese,256,20,BiAttentionClassifyModel,1,,cnews/keep_all/BiAttentionClassifyModel
71,2,0.149967,0.95348,0.953364,0.96583,0.95348,5.127848,0.330351,0.9018,0.89886,0.923524,0.9018,5.102307,0.293958,0.9151,0.913707,0.936868,0.9151,5.102003,valid,42,0.2,bert-base-chinese,256,20,BiAttentionClassifyModel,1,,cnews/keep_all/BiAttentionClassifyModel
72,1,0.251254,0.92522,0.924835,0.944875,0.92522,5.276646,0.294241,0.9154,0.911931,0.935341,0.9154,5.279145,0.228637,0.9367,0.936271,0.952714,0.9367,5.280003,valid,42,0.2,bert-base-chinese,256,20,BiAttentionClassifyModel,1,,cnews/keep_all/BiAttentionClassifyModel
73,3,0.160538,0.95,0.950093,0.963769,0.95,4.398058,0.395423,0.893,0.88748,0.9188,0.893,4.058845,0.379657,0.9012,0.895366,0.921664,0.9012,4.053665,valid,4,0.2,bert-base-chinese,256,40,BiAttentionClassifyModel,1,,cnews/keep_all/BiAttentionClassifyModel
74,2,0.223083,0.93192,0.931723,0.950244,0.93192,4.411812,0.301686,0.9062,0.900048,0.927059,0.9062,4.692256,0.293849,0.9134,0.908262,0.930808,0.9134,4.691576,valid,4,0.2,bert-base-chinese,256,40,BiAttentionClassifyModel,1,,cnews/keep_all/BiAttentionClassifyModel
75,1,0.250054,0.9246,0.923837,0.943798,0.9246,4.975009,0.527788,0.8342,0.828443,0.875126,0.8342,4.346584,0.47837,0.8598,0.853627,0.892874,0.8598,4.357462,valid,4,0.2,bert-base-chinese,256,40,BiAttentionClassifyModel,1,,cnews/keep_all/BiAttentionClassifyModel
76,3,0.152205,0.9518,0.951364,0.964251,0.9518,4.358429,0.269253,0.9204,0.916764,0.936623,0.9204,4.367783,0.255594,0.923,0.920022,0.939128,0.923,4.365698,valid,25,0.2,bert-base-chinese,256,40,BiAttentionClassifyModel,1,,cnews/keep_all/BiAttentionClassifyModel
77,2,0.186141,0.94262,0.942191,0.957369,0.94262,4.296387,0.361002,0.8894,0.881968,0.912899,0.8894,4.504998,0.346003,0.8965,0.890365,0.91702,0.8965,4.511491,valid,25,0.2,bert-base-chinese,256,40,BiAttentionClassifyModel,1,,cnews/keep_all/BiAttentionClassifyModel
78,1,0.265027,0.92034,0.919245,0.939951,0.92034,4.937583,0.343971,0.898,0.894386,0.92202,0.898,4.679664,0.343772,0.904,0.898488,0.922131,0.904,4.674278,valid,25,0.2,bert-base-chinese,256,40,BiAttentionClassifyModel,1,,cnews/keep_all/BiAttentionClassifyModel
79,3,0.116137,0.96288,0.962835,0.972928,0.96288,4.868155,0.349431,0.9018,0.895695,0.92435,0.9018,4.793773,0.33442,0.9082,0.904255,0.930803,0.9082,4.793095,valid,2021,0.2,bert-base-chinese,256,40,BiAttentionClassifyModel,1,,cnews/keep_all/BiAttentionClassifyModel
80,2,0.14101,0.95632,0.95614,0.967901,0.95632,5.288177,0.243251,0.9274,0.925356,0.945467,0.9274,5.171254,0.224995,0.9323,0.931563,0.948594,0.9323,5.178954,valid,2021,0.2,bert-base-chinese,256,40,BiAttentionClassifyModel,1,,cnews/keep_all/BiAttentionClassifyModel
81,1,0.246222,0.92514,0.924123,0.94297,0.92514,5.2918,0.386945,0.8824,0.877375,0.917497,0.8824,5.350491,0.300696,0.9068,0.903789,0.933765,0.9068,5.351726,valid,2021,0.2,bert-base-chinese,256,40,BiAttentionClassifyModel,1,,cnews/keep_all/BiAttentionClassifyModel
82,3,0.148486,0.953,0.953128,0.966413,0.953,4.629353,0.293488,0.9132,0.91093,0.933676,0.9132,4.658108,0.275091,0.9217,0.919056,0.939162,0.9217,4.654811,valid,2020,0.2,bert-base-chinese,256,40,BiAttentionClassifyModel,1,,cnews/keep_all/BiAttentionClassifyModel
83,2,0.148851,0.9541,0.953846,0.965923,0.9541,5.046727,0.614185,0.8308,0.80781,0.850872,0.8308,4.789621,0.40222,0.8823,0.874598,0.906692,0.8823,4.785333,valid,2020,0.2,bert-base-chinese,256,40,BiAttentionClassifyModel,1,,cnews/keep_all/BiAttentionClassifyModel
84,1,0.252909,0.92422,0.923752,0.944121,0.92422,5.203938,0.295611,0.9074,0.903059,0.930935,0.9074,5.230664,0.251544,0.9216,0.918217,0.939669,0.9216,5.230272,valid,2020,0.2,bert-base-chinese,256,40,BiAttentionClassifyModel,1,,cnews/keep_all/BiAttentionClassifyModel
85,3,0.12324,0.9605,0.960426,0.971181,0.9605,4.020708,0.379276,0.8868,0.883642,0.914748,0.8868,4.141434,0.319863,0.9078,0.90418,0.928377,0.9078,4.133809,valid,42,0.2,bert-base-chinese,256,40,BiAttentionClassifyModel,1,,cnews/keep_all/BiAttentionClassifyModel
86,2,0.172882,0.9466,0.946387,0.960782,0.9466,4.008621,0.292276,0.9158,0.913802,0.935836,0.9158,3.278012,0.290219,0.9137,0.911554,0.934391,0.9137,3.308131,valid,42,0.2,bert-base-chinese,256,40,BiAttentionClassifyModel,1,,cnews/keep_all/BiAttentionClassifyModel
87,1,0.260537,0.92156,0.9208,0.941312,0.92156,4.802288,0.335678,0.8978,0.897076,0.928984,0.8978,3.866385,0.285956,0.9149,0.913131,0.935507,0.9149,3.881611,valid,42,0.2,bert-base-chinese,256,40,BiAttentionClassifyModel,1,,cnews/keep_all/BiAttentionClassifyModel
88,5,0.182059,0.94204,0.9416,0.956314,0.94204,3.444199,0.366794,0.896,0.891811,0.919955,0.896,3.513128,0.355237,0.8987,0.893708,0.919413,0.8987,3.511172,valid,4,0.2,bert-base-chinese,100,180,BiAttentionClassifyModel,1,,cnews/keep_all/BiAttentionClassifyModel
89,4,0.199227,0.93618,0.936074,0.953061,0.93618,3.332808,0.401377,0.882,0.874556,0.905123,0.882,3.240243,0.340501,0.9054,0.901575,0.926979,0.9054,3.254008,valid,4,0.2,bert-base-chinese,100,180,BiAttentionClassifyModel,1,,cnews/keep_all/BiAttentionClassifyModel
90,3,0.212671,0.93392,0.933733,0.951799,0.93392,3.558966,0.412707,0.8842,0.878042,0.906014,0.8842,3.112359,0.407175,0.8895,0.884147,0.912662,0.8895,3.10648,valid,4,0.2,bert-base-chinese,100,180,BiAttentionClassifyModel,1,,cnews/keep_all/BiAttentionClassifyModel
91,2,0.231826,0.9281,0.927779,0.947056,0.9281,3.606833,0.454488,0.877,0.870942,0.9068,0.877,3.689876,0.402943,0.8899,0.885702,0.913191,0.8899,3.683,valid,4,0.2,bert-base-chinese,100,180,BiAttentionClassifyModel,1,,cnews/keep_all/BiAttentionClassifyModel
92,1,0.314864,0.90496,0.904235,0.929085,0.90496,3.580388,0.475561,0.8626,0.851696,0.887719,0.8626,3.626201,0.471176,0.8707,0.860944,0.893463,0.8707,3.619032,valid,4,0.2,bert-base-chinese,100,180,BiAttentionClassifyModel,1,,cnews/keep_all/BiAttentionClassifyModel
93,5,0.178098,0.94268,0.942542,0.957812,0.94268,3.20908,0.445159,0.865,0.859311,0.897951,0.865,3.320227,0.366995,0.8883,0.883458,0.913796,0.8883,3.317941,valid,25,0.2,bert-base-chinese,100,180,BiAttentionClassifyModel,1,,cnews/keep_all/BiAttentionClassifyModel
94,4,0.206981,0.93498,0.935021,0.952787,0.93498,3.142691,0.539401,0.8414,0.832783,0.879488,0.8414,2.614058,0.444125,0.8665,0.859863,0.895209,0.8665,2.625292,valid,25,0.2,bert-base-chinese,100,180,BiAttentionClassifyModel,1,,cnews/keep_all/BiAttentionClassifyModel
95,3,0.254183,0.9198,0.919031,0.940019,0.9198,3.367591,0.348968,0.8878,0.886191,0.917868,0.8878,3.019524,0.308637,0.9035,0.901638,0.925692,0.9035,3.00062,valid,25,0.2,bert-base-chinese,100,180,BiAttentionClassifyModel,1,,cnews/keep_all/BiAttentionClassifyModel
96,2,0.252538,0.92082,0.920555,0.941768,0.92082,3.571356,0.561306,0.8458,0.836808,0.876538,0.8458,2.954165,0.538442,0.8501,0.842686,0.881289,0.8501,2.948158,valid,25,0.2,bert-base-chinese,100,180,BiAttentionClassifyModel,1,,cnews/keep_all/BiAttentionClassifyModel
97,1,0.293362,0.9129,0.912057,0.934838,0.9129,3.613875,0.52172,0.8518,0.844303,0.892214,0.8518,3.74194,0.45224,0.874,0.865764,0.900521,0.874,3.738863,valid,25,0.2,bert-base-chinese,100,180,BiAttentionClassifyModel,1,,cnews/keep_all/BiAttentionClassifyModel
98,5,0.213269,0.9313,0.930921,0.948867,0.9313,3.294405,0.521263,0.8588,0.852921,0.890344,0.8588,3.30312,0.465627,0.8781,0.871377,0.901051,0.8781,3.306303,valid,2021,0.2,bert-base-chinese,100,180,BiAttentionClassifyModel,1,,cnews/keep_all/BiAttentionClassifyModel
99,4,0.229339,0.92712,0.926705,0.946255,0.92712,3.346081,0.547395,0.8428,0.831143,0.873683,0.8428,3.413887,0.45841,0.8703,0.862142,0.897865,0.8703,3.414093,valid,2021,0.2,bert-base-chinese,100,180,BiAttentionClassifyModel,1,,cnews/keep_all/BiAttentionClassifyModel
100,3,0.2103,0.9329,0.932835,0.950763,0.9329,3.379903,0.393065,0.8956,0.893296,0.918548,0.8956,3.395082,0.360943,0.8993,0.89636,0.921944,0.8993,3.388734,valid,2021,0.2,bert-base-chinese,100,180,BiAttentionClassifyModel,1,,cnews/keep_all/BiAttentionClassifyModel
101,2,0.252677,0.92232,0.921994,0.942241,0.92232,3.355206,0.487464,0.8604,0.851544,0.896885,0.8604,3.360725,0.422977,0.8825,0.877346,0.910668,0.8825,3.338961,valid,2021,0.2,bert-base-chinese,100,180,BiAttentionClassifyModel,1,,cnews/keep_all/BiAttentionClassifyModel
102,1,0.347115,0.89468,0.894051,0.922278,0.89468,3.365782,0.465679,0.855,0.849086,0.885755,0.855,3.123657,0.395243,0.8803,0.878271,0.905161,0.8803,3.105278,valid,2021,0.2,bert-base-chinese,100,180,BiAttentionClassifyModel,1,,cnews/keep_all/BiAttentionClassifyModel
103,5,0.199826,0.93608,0.936077,0.95315,0.93608,2.836269,0.524143,0.8586,0.850457,0.892068,0.8586,2.94756,0.422867,0.8847,0.879719,0.912865,0.8847,2.941069,valid,2020,0.2,bert-base-chinese,100,180,BiAttentionClassifyModel,1,,cnews/keep_all/BiAttentionClassifyModel
104,4,0.238781,0.92412,0.923591,0.944046,0.92412,3.02508,0.461935,0.8656,0.861449,0.901512,0.8656,2.70227,0.43661,0.8723,0.868657,0.901715,0.8723,2.715741,valid,2020,0.2,bert-base-chinese,100,180,BiAttentionClassifyModel,1,,cnews/keep_all/BiAttentionClassifyModel
105,3,0.194365,0.93964,0.939173,0.954752,0.93964,3.332423,0.340717,0.9008,0.895811,0.920116,0.9008,3.223814,0.334287,0.9035,0.899684,0.924797,0.9035,3.219225,valid,2020,0.2,bert-base-chinese,100,180,BiAttentionClassifyModel,1,,cnews/keep_all/BiAttentionClassifyModel
106,2,0.213513,0.93322,0.932935,0.950364,0.93322,3.262429,0.384687,0.8864,0.879136,0.913966,0.8864,3.237411,0.330345,0.9012,0.895072,0.922797,0.9012,3.252147,valid,2020,0.2,bert-base-chinese,100,180,BiAttentionClassifyModel,1,,cnews/keep_all/BiAttentionClassifyModel
107,1,0.30538,0.90666,0.905957,0.931048,0.90666,2.961535,0.377151,0.8834,0.88043,0.91311,0.8834,3.079382,0.329959,0.9021,0.898965,0.92762,0.9021,3.074173,valid,2020,0.2,bert-base-chinese,100,180,BiAttentionClassifyModel,1,,cnews/keep_all/BiAttentionClassifyModel
108,5,0.216333,0.931,0.930847,0.94886,0.931,3.064166,0.389077,0.8884,0.884591,0.915171,0.8884,3.079742,0.353917,0.9008,0.896878,0.921828,0.9008,3.067108,valid,42,0.2,bert-base-chinese,100,180,BiAttentionClassifyModel,1,,cnews/keep_all/BiAttentionClassifyModel
109,4,0.231119,0.92632,0.926042,0.94577,0.92632,3.193148,0.460132,0.86,0.853651,0.893209,0.86,3.174521,0.398912,0.8829,0.878965,0.910914,0.8829,3.168467,valid,42,0.2,bert-base-chinese,100,180,BiAttentionClassifyModel,1,,cnews/keep_all/BiAttentionClassifyModel
110,3,0.227985,0.9277,0.927238,0.94629,0.9277,3.462171,0.400701,0.8824,0.878022,0.907032,0.8824,3.417889,0.342472,0.8973,0.895419,0.922799,0.8973,3.39509,valid,42,0.2,bert-base-chinese,100,180,BiAttentionClassifyModel,1,,cnews/keep_all/BiAttentionClassifyModel
111,2,0.250763,0.92238,0.922077,0.942807,0.92238,3.625876,0.424292,0.8704,0.864871,0.89889,0.8704,3.633125,0.381958,0.8869,0.882068,0.912502,0.8869,3.618705,valid,42,0.2,bert-base-chinese,100,180,BiAttentionClassifyModel,1,,cnews/keep_all/BiAttentionClassifyModel
112,1,0.304617,0.90744,0.906648,0.931268,0.90744,3.615125,0.371487,0.8862,0.880788,0.906868,0.8862,3.736018,0.346858,0.8984,0.894995,0.921228,0.8984,3.730008,valid,42,0.2,bert-base-chinese,100,180,BiAttentionClassifyModel,1,,cnews/keep_all/BiAttentionClassifyModel
113,3,0.182702,0.94152,0.941053,0.956629,0.94152,3.554615,0.472829,0.8618,0.850839,0.889375,0.8618,3.218522,0.390322,0.8916,0.886114,0.916367,0.8916,3.19393,valid,42,0.2,bert-base-chinese,100,60,BiAttentionClassifyModel,1,,cnews/keep_all/BiAttentionClassifyModel
114,2,0.219759,0.93146,0.931456,0.950062,0.93146,3.605229,0.332218,0.9006,0.900051,0.924705,0.9006,3.727381,0.294818,0.91,0.91069,0.932471,0.91,3.720291,valid,42,0.2,bert-base-chinese,100,60,BiAttentionClassifyModel,1,,cnews/keep_all/BiAttentionClassifyModel
115,1,0.283425,0.91374,0.912696,0.935028,0.91374,3.909798,0.382544,0.8824,0.881139,0.91541,0.8824,3.762221,0.295398,0.9065,0.904959,0.930056,0.9065,3.767061,valid,42,0.2,bert-base-chinese,100,60,BiAttentionClassifyModel,1,,cnews/keep_all/BiAttentionClassifyModel
