,arch_type,seed,base,variant_name,val_loss,val_accuracy,val_macro_f,val_precision,val_recall,val_doc_entropy,test_loss,test_accuracy,test_macro_f,test_precision,test_recall,test_doc_entropy,dropout_rate,embedding_type,max_length,head_num,calculate_entropy,with_gru,run_id,head_dim
0,BiAttentionClassifyModel,5.0,0.0,base,0.572219,0.803728,0.790043,0.809721,0.803728,4.678222,0.558824,0.807332,0.794036,0.811955,0.807332,4.689105,0.2,xlnet-base-cased,256.0,60.0,1.0,gru,MIND15/keep_all/BiAttentionClassifyModel,
1,BiAttentionClassifyModel,40.0,0.0,base,0.567253,0.803267,0.794972,0.817764,0.803267,4.621616,0.566366,0.806105,0.799329,0.822694,0.806105,4.632484,0.2,xlnet-base-cased,256.0,60.0,1.0,gru,MIND15/keep_all/BiAttentionClassifyModel,
2,BiAttentionClassifyModel,2020.0,0.0,base,0.565958,0.805568,0.805744,0.834451,0.805568,4.676171,0.560763,0.807639,0.809089,0.838623,0.807639,4.686964,0.2,xlnet-base-cased,256.0,60.0,1.0,gru,MIND15/keep_all/BiAttentionClassifyModel,
3,BiAttentionClassifyModel,42.0,0.0,base,0.554371,0.808406,0.806748,0.834103,0.808406,4.676245,0.542383,0.814619,0.812758,0.836992,0.814619,4.687118,0.2,xlnet-base-cased,256.0,60.0,1.0,gru,MIND15/keep_all/BiAttentionClassifyModel,
4,BiAttentionClassifyModel,2021.0,0.0,base,0.550132,0.805875,0.799757,0.823301,0.805875,4.641921,0.538739,0.816153,0.810539,0.83354,0.816153,4.652631,0.2,xlnet-base-cased,256.0,60.0,1.0,gru,MIND15/keep_all/BiAttentionClassifyModel,
5,BiAttentionClassifyModel,40.0,0.0,base,0.580737,0.799432,0.79778,0.826472,0.799432,4.699762,0.568641,0.806949,0.804874,0.832405,0.806949,4.710165,0.2,bert-base-uncased,256.0,60.0,1.0,gru,MIND15/keep_all/BiAttentionClassifyModel,
6,BiAttentionClassifyModel,5.0,0.0,base,0.560089,0.804801,0.801503,0.826513,0.804801,4.679537,0.561902,0.805108,0.801764,0.825699,0.805108,4.690372,0.2,bert-base-uncased,256.0,60.0,1.0,gru,MIND15/keep_all/BiAttentionClassifyModel,
7,PretrainedBaseline,40.0,0.0,,0.560843,0.808713,0.799232,0.820653,0.808713,,0.556736,0.814465,0.804663,0.822886,0.814465,,0.2,roberta-base,256.0,,,,MIND15/keep_all/PretrainedBaseline,
8,PretrainedBaseline,5.0,0.0,,0.558953,0.807793,0.803532,0.827238,0.807793,,0.558451,0.811781,0.809606,0.836068,0.811781,,0.2,roberta-base,256.0,,,,MIND15/keep_all/PretrainedBaseline,
9,BiAttentionClassifyModel,2020.0,0.0,base,0.582371,0.797438,0.785077,0.806184,0.797438,4.677595,0.570974,0.8025,0.790721,0.81163,0.8025,4.687233,0.2,bert-base-uncased,256.0,60.0,1.0,gru,MIND15/keep_all/BiAttentionClassifyModel,
10,BiAttentionClassifyModel,42.0,0.0,base,0.578785,0.802424,0.790605,0.808487,0.802424,4.700387,0.566485,0.805875,0.79344,0.812009,0.805875,4.710356,0.2,bert-base-uncased,256.0,60.0,1.0,gru,MIND15/keep_all/BiAttentionClassifyModel,
11,BiAttentionClassifyModel,2021.0,0.0,base,0.570022,0.803497,0.795316,0.817096,0.803497,4.749018,0.570174,0.80925,0.801608,0.823281,0.80925,4.758847,0.2,bert-base-uncased,256.0,60.0,1.0,gru,MIND15/keep_all/BiAttentionClassifyModel,
12,BiAttentionClassifyModel,5.0,0.0,base,0.56126,0.807102,0.802693,0.826748,0.807102,4.607599,0.555111,0.810707,0.806746,0.830271,0.810707,4.618653,0.2,distilbert-base-uncased,256.0,60.0,1.0,gru,MIND15/keep_all/BiAttentionClassifyModel,
13,BiAttentionClassifyModel,40.0,0.0,base,0.577359,0.80066,0.800061,0.830287,0.80066,4.655805,0.568197,0.802117,0.801232,0.830258,0.802117,4.667801,0.2,distilbert-base-uncased,256.0,60.0,1.0,gru,MIND15/keep_all/BiAttentionClassifyModel,
14,BiAttentionClassifyModel,2020.0,0.0,base,0.579961,0.800966,0.789147,0.809099,0.800966,4.628691,0.570551,0.805568,0.792586,0.811263,0.805568,4.637871,0.2,distilbert-base-uncased,256.0,60.0,1.0,gru,MIND15/keep_all/BiAttentionClassifyModel,
15,BiAttentionClassifyModel,42.0,0.0,base,0.575368,0.803421,0.790192,0.806186,0.803421,4.6651,0.560398,0.807793,0.796637,0.817237,0.807793,4.673809,0.2,distilbert-base-uncased,256.0,60.0,1.0,gru,MIND15/keep_all/BiAttentionClassifyModel,
16,BiAttentionClassifyModel,2021.0,0.0,base,0.564547,0.807332,0.800688,0.822753,0.807332,4.695867,0.563593,0.81063,0.8034,0.824086,0.81063,4.70623,0.2,distilbert-base-uncased,256.0,60.0,1.0,gru,MIND15/keep_all/BiAttentionClassifyModel,
17,BiAttentionClassifyModel,5.0,0.0,base,0.538543,0.810324,0.804589,0.827907,0.810324,4.773042,0.5325,0.816153,0.81017,0.831779,0.816153,4.786532,0.2,roberta-base,256.0,60.0,1.0,gru,MIND15/keep_all/BiAttentionClassifyModel,
18,BiAttentionClassifyModel,40.0,0.0,base,0.547355,0.806182,0.805362,0.833767,0.806182,4.785487,0.539577,0.80994,0.811498,0.840251,0.80994,4.798462,0.2,roberta-base,256.0,60.0,1.0,gru,MIND15/keep_all/BiAttentionClassifyModel,
19,BiAttentionClassifyModel,2020.0,0.0,base,0.542482,0.804188,0.793686,0.814768,0.804188,4.716555,0.536401,0.809557,0.797546,0.814849,0.809557,4.729502,0.2,roberta-base,256.0,60.0,1.0,gru,MIND15/keep_all/BiAttentionClassifyModel,
20,BiAttentionClassifyModel,42.0,0.0,base,0.54964,0.807639,0.796554,0.81383,0.807639,4.771,0.535291,0.814005,0.803725,0.821543,0.814005,4.784292,0.2,roberta-base,256.0,60.0,1.0,gru,MIND15/keep_all/BiAttentionClassifyModel,
21,BiAttentionClassifyModel,2021.0,0.0,base,0.547924,0.806335,0.799827,0.822608,0.806335,4.803107,0.545165,0.811858,0.805312,0.826452,0.811858,4.815048,0.2,roberta-base,256.0,60.0,1.0,gru,MIND15/keep_all/BiAttentionClassifyModel,
22,BiAttentionClassifyModel,5.0,0.0,base,0.577059,0.798512,0.79133,0.814602,0.798512,4.955916,0.570879,0.807869,0.801344,0.822539,0.807869,4.968114,0.2,glove,256.0,160.0,1.0,gru,MIND15/keep_all/BiAttentionClassifyModel,
23,BiAttentionClassifyModel,40.0,0.0,base,0.562212,0.803651,0.800131,0.826797,0.803651,4.901571,0.559799,0.805798,0.802872,0.827283,0.805798,4.913968,0.2,glove,256.0,160.0,1.0,gru,MIND15/keep_all/BiAttentionClassifyModel,
24,BiAttentionClassifyModel,2020.0,0.0,base,0.564899,0.801273,0.795906,0.819195,0.801273,4.917071,0.555734,0.809096,0.805149,0.828694,0.809096,4.928739,0.2,glove,256.0,160.0,1.0,gru,MIND15/keep_all/BiAttentionClassifyModel,
25,BiAttentionClassifyModel,42.0,0.0,base,0.577246,0.800813,0.799245,0.826601,0.800813,4.988874,0.568962,0.806642,0.807341,0.833117,0.806642,5.000884,0.2,glove,256.0,160.0,1.0,gru,MIND15/keep_all/BiAttentionClassifyModel,
26,BiAttentionClassifyModel,2021.0,0.0,base,0.564755,0.801733,0.793734,0.816353,0.801733,4.92777,0.554147,0.808253,0.801428,0.821644,0.808253,4.939204,0.2,glove,256.0,160.0,1.0,gru,MIND15/keep_all/BiAttentionClassifyModel,
27,BiAttentionClassifyModel,5.0,0.0,base,0.566231,0.802347,0.794785,0.817942,0.802347,4.844422,0.55253,0.810094,0.801989,0.821429,0.810094,4.856566,0.2,glove,256.0,140.0,1.0,gru,MIND15/keep_all/BiAttentionClassifyModel,
28,BiAttentionClassifyModel,40.0,0.0,base,0.567267,0.804188,0.800992,0.825931,0.804188,4.917149,0.559503,0.80902,0.806699,0.831325,0.80902,4.929741,0.2,glove,256.0,140.0,1.0,gru,MIND15/keep_all/BiAttentionClassifyModel,
29,BiAttentionClassifyModel,2020.0,0.0,base,0.57344,0.800813,0.786796,0.804096,0.800813,4.896666,0.566273,0.804571,0.793743,0.814468,0.804571,4.90783,0.2,glove,256.0,140.0,1.0,gru,MIND15/keep_all/BiAttentionClassifyModel,
30,BiAttentionClassifyModel,42.0,0.0,base,0.566217,0.804188,0.799532,0.824318,0.804188,4.856871,0.549994,0.811628,0.80809,0.8313,0.811628,4.870435,0.2,glove,256.0,140.0,1.0,gru,MIND15/keep_all/BiAttentionClassifyModel,
31,BiAttentionClassifyModel,2021.0,0.0,base,0.593594,0.794064,0.783058,0.80388,0.794064,4.945073,0.586251,0.798742,0.790051,0.811548,0.798742,4.955976,0.2,glove,256.0,140.0,1.0,gru,MIND15/keep_all/BiAttentionClassifyModel,
32,BiAttentionClassifyModel,5.0,0.0,base,0.557259,0.806182,0.804083,0.829936,0.806182,4.869068,0.553435,0.809173,0.807235,0.832704,0.809173,4.880263,0.2,glove,256.0,120.0,1.0,gru,MIND15/keep_all/BiAttentionClassifyModel,
33,BiAttentionClassifyModel,40.0,0.0,base,0.566823,0.802654,0.793366,0.814075,0.802654,4.909284,0.555149,0.80856,0.801291,0.825526,0.80856,4.920071,0.2,glove,256.0,120.0,1.0,gru,MIND15/keep_all/BiAttentionClassifyModel,
34,BiAttentionClassifyModel,2020.0,0.0,base,0.569625,0.803497,0.7978,0.819515,0.803497,4.920605,0.565252,0.807256,0.801111,0.822254,0.807256,4.932427,0.2,glove,256.0,120.0,1.0,gru,MIND15/keep_all/BiAttentionClassifyModel,
35,BiAttentionClassifyModel,42.0,0.0,base,0.558798,0.806489,0.798343,0.820129,0.806489,4.918371,0.553714,0.810554,0.802785,0.82441,0.810554,4.930062,0.2,glove,256.0,120.0,1.0,gru,MIND15/keep_all/BiAttentionClassifyModel,
36,BiAttentionClassifyModel,2021.0,0.0,base,0.575103,0.798665,0.792897,0.81708,0.798665,4.915042,0.55894,0.807102,0.802261,0.825625,0.807102,4.927291,0.2,glove,256.0,120.0,1.0,gru,MIND15/keep_all/BiAttentionClassifyModel,
37,BiAttentionClassifyModel,5.0,0.0,base,0.578362,0.799663,0.79541,0.820057,0.799663,4.726601,0.572266,0.802117,0.798775,0.823357,0.802117,4.73765,0.2,glove,256.0,100.0,1.0,gru,MIND15/keep_all/BiAttentionClassifyModel,
38,BiAttentionClassifyModel,40.0,0.0,base,0.571628,0.799279,0.796403,0.82415,0.799279,4.924867,0.56344,0.807179,0.805406,0.831634,0.807179,4.937934,0.2,glove,256.0,100.0,1.0,gru,MIND15/keep_all/BiAttentionClassifyModel,
39,BiAttentionClassifyModel,2020.0,0.0,base,0.566106,0.805262,0.804594,0.830711,0.805262,4.899685,0.562633,0.807256,0.807716,0.836422,0.807256,4.911864,0.2,glove,256.0,100.0,1.0,gru,MIND15/keep_all/BiAttentionClassifyModel,
40,BiAttentionClassifyModel,42.0,0.0,base,0.568091,0.8025,0.79336,0.816401,0.8025,4.879011,0.563313,0.807639,0.8003,0.822105,0.807639,4.891243,0.2,glove,256.0,100.0,1.0,gru,MIND15/keep_all/BiAttentionClassifyModel,
41,BiAttentionClassifyModel,2021.0,0.0,base,0.570581,0.800199,0.792234,0.813836,0.800199,4.875898,0.557593,0.809173,0.801225,0.821204,0.809173,4.888509,0.2,glove,256.0,100.0,1.0,gru,MIND15/keep_all/BiAttentionClassifyModel,
42,BiAttentionClassifyModel,5.0,0.0,base,0.564905,0.804034,0.800451,0.824814,0.804034,4.839299,0.555643,0.809327,0.808651,0.835297,0.809327,4.850986,0.2,glove,256.0,80.0,1.0,gru,MIND15/keep_all/BiAttentionClassifyModel,
43,BiAttentionClassifyModel,40.0,0.0,base,0.584496,0.796441,0.795304,0.822425,0.796441,4.940037,0.573625,0.805415,0.805732,0.832447,0.805415,4.95143,0.2,glove,256.0,80.0,1.0,gru,MIND15/keep_all/BiAttentionClassifyModel,
44,BiAttentionClassifyModel,2020.0,0.0,base,0.574684,0.799126,0.789394,0.811881,0.799126,4.85807,0.558619,0.805875,0.798195,0.819632,0.805875,4.867542,0.2,glove,256.0,80.0,1.0,gru,MIND15/keep_all/BiAttentionClassifyModel,
45,BiAttentionClassifyModel,42.0,0.0,base,0.557281,0.802654,0.795157,0.817197,0.802654,4.870673,0.55393,0.80879,0.802333,0.82541,0.80879,4.883385,0.2,glove,256.0,80.0,1.0,gru,MIND15/keep_all/BiAttentionClassifyModel,
46,BiAttentionClassifyModel,2021.0,0.0,base,0.567269,0.803344,0.800311,0.827033,0.803344,4.869377,0.554173,0.808329,0.805274,0.829689,0.808329,4.88152,0.2,glove,256.0,80.0,1.0,gru,MIND15/keep_all/BiAttentionClassifyModel,
47,BiAttentionClassifyModel,5.0,0.0,base,0.564026,0.800813,0.796502,0.820058,0.800813,4.827839,0.543078,0.815846,0.81272,0.840143,0.815846,4.838403,0.2,glove,256.0,60.0,1.0,gru,MIND15/keep_all/BiAttentionClassifyModel,
48,BiAttentionClassifyModel,40.0,0.0,base,0.559254,0.803267,0.799856,0.824511,0.803267,4.854298,0.552167,0.811397,0.808521,0.833163,0.811397,4.865432,0.2,glove,256.0,60.0,1.0,gru,MIND15/keep_all/BiAttentionClassifyModel,
49,BiAttentionClassifyModel,2020.0,0.0,base,0.571914,0.80181,0.795654,0.818929,0.80181,4.777874,0.565869,0.805031,0.799865,0.821239,0.805031,4.787804,0.2,glove,256.0,60.0,1.0,gru,MIND15/keep_all/BiAttentionClassifyModel,
50,BiAttentionClassifyModel,42.0,0.0,base,0.57445,0.798282,0.791768,0.816699,0.798282,4.802373,0.561456,0.804801,0.799345,0.823487,0.804801,4.814085,0.2,glove,256.0,60.0,1.0,gru,MIND15/keep_all/BiAttentionClassifyModel,
51,BiAttentionClassifyModel,2021.0,0.0,base,0.573597,0.804801,0.793114,0.811978,0.804801,4.830102,0.558475,0.80902,0.797809,0.815621,0.80902,4.84172,0.2,glove,256.0,60.0,1.0,gru,MIND15/keep_all/BiAttentionClassifyModel,
52,BiAttentionClassifyModel,5.0,0.0,base,0.566182,0.804725,0.79853,0.822807,0.804725,4.753235,0.554795,0.812318,0.806848,0.830684,0.812318,4.763384,0.2,glove,256.0,20.0,1.0,gru,MIND15/keep_all/BiAttentionClassifyModel,
53,BiAttentionClassifyModel,40.0,0.0,base,0.580771,0.797898,0.791525,0.815967,0.797898,4.722992,0.580874,0.801503,0.796967,0.820714,0.801503,4.733361,0.2,glove,256.0,20.0,1.0,gru,MIND15/keep_all/BiAttentionClassifyModel,
54,BiAttentionClassifyModel,2020.0,0.0,base,0.582347,0.800199,0.791258,0.812163,0.800199,4.740562,0.567256,0.807256,0.797929,0.816675,0.807256,4.750478,0.2,glove,256.0,20.0,1.0,gru,MIND15/keep_all/BiAttentionClassifyModel,
55,BiAttentionClassifyModel,42.0,0.0,base,0.570406,0.803881,0.795235,0.815969,0.803881,4.73665,0.55729,0.808713,0.802611,0.824466,0.808713,4.747235,0.2,glove,256.0,20.0,1.0,gru,MIND15/keep_all/BiAttentionClassifyModel,
56,BiAttentionClassifyModel,2021.0,0.0,base,0.573714,0.80135,0.788439,0.807803,0.80135,4.703546,0.558031,0.808713,0.797672,0.816786,0.808713,4.71325,0.2,glove,256.0,20.0,1.0,gru,MIND15/keep_all/BiAttentionClassifyModel,
57,BiAttentionClassifyModel,5.0,0.0,base,0.558154,0.804571,0.802596,0.828232,0.804571,4.615066,0.551685,0.810094,0.808041,0.832635,0.810094,4.625096,0.2,bert-base-uncased,256.0,40.0,1.0,gru,MIND15/keep_all/BiAttentionClassifyModel,
58,BiAttentionClassifyModel,40.0,0.0,base,0.570602,0.804648,0.800225,0.824873,0.804648,4.66446,0.564146,0.808099,0.803708,0.82724,0.808099,4.675798,0.2,bert-base-uncased,256.0,40.0,1.0,gru,MIND15/keep_all/BiAttentionClassifyModel,
59,BiAttentionClassifyModel,2020.0,0.0,base,0.577726,0.802654,0.793071,0.814565,0.802654,4.583304,0.574327,0.807716,0.797864,0.81802,0.807716,4.594679,0.2,bert-base-uncased,256.0,40.0,1.0,gru,MIND15/keep_all/BiAttentionClassifyModel,
60,BiAttentionClassifyModel,4.0,0.0,base,0.56918,0.802577,0.797772,0.821601,0.802577,4.618065,0.56977,0.806872,0.801075,0.822507,0.806872,4.627513,0.2,bert-base-uncased,256.0,40.0,1.0,gru,MIND15/keep_all/BiAttentionClassifyModel,
61,BiAttentionClassifyModel,2021.0,0.0,base,0.573441,0.801963,0.798564,0.822553,0.801963,4.622421,0.57109,0.804341,0.8011,0.825924,0.804341,4.63383,0.2,bert-base-uncased,256.0,40.0,1.0,gru,MIND15/keep_all/BiAttentionClassifyModel,
62,BiAttentionClassifyModel,5.0,0.0,base,0.540656,0.807332,0.810485,0.84167,0.807332,4.712426,0.536617,0.813929,0.816751,0.846836,0.813929,4.72565,0.2,roberta-base,256.0,40.0,1.0,gru,MIND15/keep_all/BiAttentionClassifyModel,
63,BiAttentionClassifyModel,40.0,0.0,base,0.54372,0.806565,0.79929,0.821593,0.806565,4.736034,0.540296,0.813852,0.808196,0.828915,0.813852,4.748504,0.2,roberta-base,256.0,40.0,1.0,gru,MIND15/keep_all/BiAttentionClassifyModel,
64,BiAttentionClassifyModel,2020.0,0.0,base,0.546697,0.805952,0.798341,0.820105,0.805952,4.670024,0.542667,0.811167,0.803697,0.82452,0.811167,4.681708,0.2,roberta-base,256.0,40.0,1.0,gru,MIND15/keep_all/BiAttentionClassifyModel,
65,BiAttentionClassifyModel,4.0,0.0,base,0.53723,0.812931,0.805762,0.827722,0.812931,4.673802,0.53573,0.813775,0.80704,0.827565,0.813775,4.688577,0.2,roberta-base,256.0,40.0,1.0,gru,MIND15/keep_all/BiAttentionClassifyModel,
66,BiAttentionClassifyModel,2021.0,0.0,base,0.53682,0.807026,0.805227,0.830816,0.807026,4.773843,0.539442,0.811321,0.810687,0.838414,0.811321,4.786942,0.2,roberta-base,256.0,40.0,1.0,gru,MIND15/keep_all/BiAttentionClassifyModel,
67,BiAttentionClassifyModel,5.0,0.0,base,0.559535,0.803881,0.801593,0.827076,0.803881,4.57282,0.554535,0.808406,0.806545,0.831389,0.808406,4.582447,0.2,distilbert-base-uncased,256.0,40.0,1.0,gru,MIND15/keep_all/BiAttentionClassifyModel,
68,BiAttentionClassifyModel,40.0,0.0,base,0.572496,0.800123,0.793384,0.816775,0.800123,4.616585,0.565959,0.80902,0.802726,0.824152,0.80902,4.628451,0.2,distilbert-base-uncased,256.0,40.0,1.0,gru,MIND15/keep_all/BiAttentionClassifyModel,
69,BiAttentionClassifyModel,2020.0,0.0,base,0.575217,0.804495,0.79507,0.817275,0.804495,4.597362,0.563998,0.810247,0.800804,0.820844,0.810247,4.608317,0.2,distilbert-base-uncased,256.0,40.0,1.0,gru,MIND15/keep_all/BiAttentionClassifyModel,
70,BiAttentionClassifyModel,4.0,0.0,base,0.567273,0.801733,0.794864,0.816582,0.801733,4.598469,0.562551,0.807332,0.800804,0.823197,0.807332,4.609607,0.2,distilbert-base-uncased,256.0,40.0,1.0,gru,MIND15/keep_all/BiAttentionClassifyModel,
71,BiAttentionClassifyModel,2021.0,0.0,base,0.568401,0.805108,0.803037,0.82793,0.805108,4.59794,0.563192,0.806565,0.804511,0.831434,0.806565,4.608814,0.2,distilbert-base-uncased,256.0,40.0,1.0,gru,MIND15/keep_all/BiAttentionClassifyModel,
72,BiAttentionClassifyModel,5.0,0.0,base,0.560673,0.805645,0.802517,0.829664,0.805645,4.81946,0.554373,0.811781,0.810826,0.836277,0.811781,4.829896,0.2,glove,256.0,40.0,1.0,gru,MIND15/keep_all/BiAttentionClassifyModel,
73,BiAttentionClassifyModel,40.0,0.0,base,0.554832,0.805338,0.799776,0.823148,0.805338,4.811689,0.553162,0.81017,0.80407,0.826368,0.81017,4.823779,0.2,glove,256.0,40.0,1.0,gru,MIND15/keep_all/BiAttentionClassifyModel,
74,BiAttentionClassifyModel,2020.0,0.0,base,0.568711,0.800199,0.795913,0.820065,0.800199,4.817962,0.56338,0.808099,0.805752,0.831612,0.808099,4.830244,0.2,glove,256.0,40.0,1.0,gru,MIND15/keep_all/BiAttentionClassifyModel,
75,BiAttentionClassifyModel,4.0,0.0,base,0.57813,0.799049,0.795868,0.821489,0.799049,4.827082,0.563686,0.805645,0.804924,0.833242,0.805645,4.838457,0.2,glove,256.0,40.0,1.0,gru,MIND15/keep_all/BiAttentionClassifyModel,
76,BiAttentionClassifyModel,2021.0,0.0,base,0.567014,0.802961,0.792686,0.815053,0.802961,4.839691,0.558651,0.808176,0.797696,0.817465,0.808176,4.850669,0.2,glove,256.0,40.0,1.0,gru,MIND15/keep_all/BiAttentionClassifyModel,
77,BiAttentionClassifyModel,2021.0,0.0,base,0.594035,0.795291,0.792132,0.818419,0.795291,0.273391,0.587969,0.799893,0.797448,0.825344,0.799893,0.274681,0.2,distilbert-base-uncased,256.0,40.0,1.0,gru,MIND15/keep_all/BiAttentionClassifyModel,
78,BiAttentionClassifyModel,5.0,0.0,base,0.575184,0.797285,0.795478,0.824303,0.797285,3.39514,0.557415,0.807409,0.807193,0.835007,0.807409,3.392198,0.2,glove,256.0,40.0,1.0,gru,MIND15/keep_all/BiAttentionClassifyModel,
79,BiAttentionClassifyModel,40.0,0.0,base,0.564055,0.804801,0.800711,0.82426,0.804801,2.742523,0.55039,0.810017,0.806443,0.829908,0.810017,2.737281,0.2,glove,256.0,40.0,1.0,gru,MIND15/keep_all/BiAttentionClassifyModel,
80,BiAttentionClassifyModel,2020.0,0.0,base,0.574452,0.80043,0.795535,0.820259,0.80043,2.768602,0.56443,0.804034,0.801506,0.829289,0.804034,2.774365,0.2,glove,256.0,40.0,1.0,gru,MIND15/keep_all/BiAttentionClassifyModel,
81,BiAttentionClassifyModel,4.0,0.0,base,0.582572,0.795214,0.791973,0.818321,0.795214,3.195502,0.563515,0.806872,0.805796,0.832895,0.806872,3.189878,0.2,glove,256.0,40.0,1.0,gru,MIND15/keep_all/BiAttentionClassifyModel,
82,BiAttentionClassifyModel,2021.0,0.0,base,0.568258,0.8025,0.794299,0.816633,0.8025,3.085395,0.555275,0.807102,0.799013,0.821002,0.807102,3.088918,0.2,glove,256.0,40.0,1.0,gru,MIND15/keep_all/BiAttentionClassifyModel,
83,BiAttentionClassifyModel,2021.0,0.0,base,0.568173,0.8025,0.794532,0.816615,0.8025,3.08162,0.557045,0.807563,0.798347,0.816856,0.807563,3.082716,0.2,glove,256.0,40.0,1.0,gru,MIND15/keep_all/BiAttentionClassifyModel,
84,BiAttentionClassifyModel,2021.0,0.0,base,0.56237,0.804955,0.796858,0.817817,0.804955,3.894654,0.558684,0.809557,0.801004,0.820521,0.809557,3.903038,0.2,glove,256.0,40.0,1.0,gru,MIND15/keep_all/BiAttentionClassifyModel,
85,BiAttentionClassifyModel,2021.0,0.0,base,0.568218,0.801503,0.791926,0.812382,0.801503,4.839456,0.55832,0.807256,0.797867,0.816976,0.807256,4.850536,0.2,glove,256.0,40.0,1.0,gru,MIND15/keep_all/BiAttentionClassifyModel,
86,BiAttentionClassifyModel,2021.0,0.0,base,0.571879,0.805108,0.799927,0.826052,0.805108,4.682324,0.566241,0.80879,0.806106,0.832884,0.80879,4.693147,0.2,bert-base-uncased,256.0,40.0,1.0,gru,MIND15/keep_all/BiAttentionClassifyModel,
87,BiAttentionClassifyModel,5.0,0.0,base,0.569034,0.806029,0.803164,0.829007,0.806029,4.560679,0.559085,0.807563,0.802271,0.823566,0.807563,4.571437,0.2,distilbert-base-uncased,256.0,40.0,1.0,gru,MIND15/keep_all/BiAttentionClassifyModel,
88,BiAttentionClassifyModel,40.0,0.0,base,0.559744,0.806872,0.80614,0.83434,0.806872,4.552982,0.553771,0.811628,0.81102,0.838594,0.811628,4.56389,0.2,distilbert-base-uncased,256.0,40.0,1.0,gru,MIND15/keep_all/BiAttentionClassifyModel,
89,BiAttentionClassifyModel,2020.0,0.0,base,0.564823,0.804418,0.796035,0.818638,0.804418,4.579661,0.557318,0.812164,0.80408,0.82527,0.812164,4.592299,0.2,distilbert-base-uncased,256.0,40.0,1.0,gru,MIND15/keep_all/BiAttentionClassifyModel,
90,BiAttentionClassifyModel,4.0,0.0,base,0.558818,0.805722,0.80158,0.825991,0.805722,4.592686,0.558377,0.809403,0.807406,0.833329,0.809403,4.604696,0.2,distilbert-base-uncased,256.0,40.0,1.0,gru,MIND15/keep_all/BiAttentionClassifyModel,
91,BiAttentionClassifyModel,2021.0,0.0,base,0.564117,0.805875,0.804035,0.829749,0.805875,4.573433,0.557704,0.809633,0.807556,0.832171,0.809633,4.586422,0.2,distilbert-base-uncased,256.0,40.0,1.0,gru,MIND15/keep_all/BiAttentionClassifyModel,
92,,,,,,,,,,,,,,,,,,,,,,,,
93,BiAttentionClassifyModel,2021.0,0.0,base,0.587286,0.801197,0.80114,0.829052,0.801197,4.632841,0.582432,0.802807,0.804822,0.834881,0.802807,4.647538,0.2,glove,256.0,40.0,1.0,gru,MIND15/keep_all/BiAttentionClassifyModel,
94,BiAttentionClassifyModel,2021.0,0.0,base,0.597266,0.799126,0.801956,0.834538,0.799126,4.610476,0.594531,0.800199,0.805784,0.83977,0.800199,4.628231,0.2,glove,256.0,40.0,1.0,gru,MIND15/keep_all/BiAttentionClassifyModel,
95,BiAttentionClassifyModel,2021.0,0.0,base,0.576459,0.799356,0.802342,0.834559,0.799356,3.283377,0.577662,0.803651,0.808551,0.841043,0.803651,3.285563,0.2,glove,256.0,40.0,1.0,gru,MIND15/keep_all/BiAttentionClassifyModel,
96,BiAttentionClassifyModel,2021.0,0.0,base,0.576459,0.799356,0.802342,0.834559,0.799356,3.283377,0.577662,0.803651,0.808551,0.841043,0.803651,3.285563,0.2,glove,256.0,40.0,1.0,gru,MIND15/keep_all/BiAttentionClassifyModel,
97,BiAttentionClassifyModel,40.0,0.0,base,0.589206,0.797208,0.783374,0.804718,0.797208,4.669539,0.57158,0.807486,0.794956,0.813888,0.807486,4.682053,0.2,glove,256.0,40.0,1.0,gru,MIND15/keep_all/BiAttentionClassifyModel,
98,BiAttentionClassifyModel,2020.0,0.0,base,0.568635,0.804878,0.799514,0.822634,0.804878,4.737619,0.559901,0.808023,0.802768,0.823319,0.808023,4.748236,0.2,glove,256.0,40.0,1.0,gru,MIND15/keep_all/BiAttentionClassifyModel,
99,BiAttentionClassifyModel,4.0,0.0,base,0.568173,0.805798,0.800111,0.823703,0.805798,4.638384,0.566631,0.80856,0.803734,0.826051,0.80856,4.649697,0.2,glove,256.0,40.0,1.0,gru,MIND15/keep_all/BiAttentionClassifyModel,
100,BiAttentionClassifyModel,25.0,0.0,base,1.238407,0.680933,0.653491,0.66934,0.680933,3.950688,1.20508,0.682083,0.656153,0.67308,0.682083,3.960469,0.2,glove,256.0,40.0,1.0,gru,MIND15/keep_all/BiAttentionClassifyModel,
101,BiAttentionClassifyModel,2021.0,0.0,base,0.578752,0.799279,0.79486,0.821305,0.799279,5.218514,0.564715,0.804725,0.802807,0.827719,0.804725,5.229307,0.2,glove,256.0,40.0,1.0,gru,MIND15/keep_all/BiAttentionClassifyModel,
102,BiAttentionClassifyModel,2021.0,0.0,base,0.567347,0.800966,0.793447,0.816846,0.800966,4.786493,0.562108,0.80856,0.801204,0.823596,0.80856,4.79748,0.2,glove,256.0,40.0,1.0,gru,MIND15/keep_all/BiAttentionClassifyModel,
103,BiAttentionClassifyModel,2021.0,0.0,base,0.57797,0.799049,0.794755,0.82122,0.799049,5.220578,0.562449,0.806949,0.804066,0.82903,0.806949,5.231372,0.2,glove,256.0,40.0,1.0,gru,MIND15/keep_all/BiAttentionClassifyModel,
104,BiAttentionClassifyModel,25.0,0.0,base,0.565964,0.801887,0.79864,0.823375,0.801887,5.220364,0.549301,0.811014,0.808024,0.833073,0.811014,5.231158,0.2,glove,256.0,40.0,1.0,gru,MIND15/keep_all/BiAttentionClassifyModel,
105,BiAttentionClassifyModel,2021.0,0.0,base,0.57797,0.799049,0.794755,0.82122,0.799049,5.220578,0.562449,0.806949,0.804066,0.82903,0.806949,5.231372,0.2,glove,256.0,40.0,1.0,gru,MIND15/keep_all/BiAttentionClassifyModel,
106,BiAttentionClassifyModel,2021.0,0.0,base,0.571336,0.802577,0.798924,0.823373,0.802577,5.220384,0.564039,0.806182,0.801109,0.825186,0.806182,5.23118,0.2,glove,256.0,40.0,1.0,gru,MIND15/keep_all/BiAttentionClassifyModel,
107,BiAttentionClassifyModel,2021.0,0.0,base,0.574032,0.800813,0.795653,0.819067,0.800813,4.754775,0.568301,0.802884,0.797158,0.818931,0.802884,4.770987,0.2,glove,256.0,40.0,1.0,gru,MIND15/keep_all/BiAttentionClassifyModel,
108,BiAttentionClassifyModel,2021.0,0.0,base,0.592227,0.795828,0.787221,0.811397,0.795828,3.654772,0.576579,0.802577,0.794787,0.817771,0.802577,3.659875,0.2,glove,256.0,40.0,1.0,gru,MIND15/keep_all/BiAttentionClassifyModel,
109,BiAttentionClassifyModel,4.0,0.0,base,0.561619,0.806796,0.796351,0.817525,0.806796,4.577815,0.557834,0.808253,0.800235,0.8217,0.808253,4.590137,0.2,glove,256.0,40.0,1.0,gru,MIND15/keep_all/BiAttentionClassifyModel,
110,BiAttentionClassifyModel,25.0,0.0,base,0.572232,0.804111,0.796429,0.818118,0.804111,4.562679,0.561685,0.809557,0.801477,0.821764,0.809557,4.573454,0.2,glove,256.0,40.0,1.0,gru,MIND15/keep_all/BiAttentionClassifyModel,
111,BiAttentionClassifyModel,2021.0,0.0,base,0.562641,0.805875,0.801239,0.825879,0.805875,4.521827,0.559977,0.814082,0.809825,0.833194,0.814082,4.533623,0.2,glove,256.0,40.0,1.0,gru,MIND15/keep_all/BiAttentionClassifyModel,
112,BiAttentionClassifyModel,2021.0,0.0,base,0.572931,0.80089,0.790128,0.809947,0.80089,4.831676,0.568843,0.808329,0.799049,0.819901,0.808329,4.842999,0.2,glove,256.0,40.0,1.0,gru,MIND15/keep_all/BiAttentionClassifyModel,
113,BiAttentionClassifyModel,2021.0,0.0,base,0.566694,0.802807,0.797215,0.820363,0.802807,4.453289,0.564756,0.807486,0.802038,0.824297,0.807486,4.468336,0.2,glove,256.0,40.0,1.0,gru,MIND15/keep_all/BiAttentionClassifyModel,
114,BiAttentionClassifyModel,2020.0,0.0,base,0.560502,0.805722,0.805241,0.832352,0.805722,4.55148,0.55142,0.807639,0.807188,0.83499,0.807639,4.566676,0.2,distilbert-base-uncased,256.0,40.0,1.0,gru,MIND15/keep_all/BiAttentionClassifyModel,
115,BiAttentionClassifyModel,4.0,0.0,base,0.564117,0.806105,0.799014,0.82074,0.806105,4.476249,0.552944,0.812318,0.805176,0.824704,0.812318,4.48849,0.2,distilbert-base-uncased,256.0,40.0,1.0,gru,MIND15/keep_all/BiAttentionClassifyModel,
116,BiAttentionClassifyModel,25.0,0.0,base,0.562553,0.806182,0.804449,0.831065,0.806182,4.510702,0.554341,0.810247,0.80919,0.836057,0.810247,4.524306,0.2,distilbert-base-uncased,256.0,40.0,1.0,gru,MIND15/keep_all/BiAttentionClassifyModel,
117,BiAttentionClassifyModel,2021.0,0.0,base,0.569054,0.806872,0.802098,0.826115,0.806872,4.49442,0.560473,0.808636,0.804324,0.827476,0.808636,4.508152,0.2,distilbert-base-uncased,256.0,40.0,1.0,gru,MIND15/keep_all/BiAttentionClassifyModel,
118,BiAttentionClassifyModel,2021.0,0.0,base,0.570138,0.806105,0.803802,0.829331,0.806105,4.794004,0.56583,0.810554,0.810691,0.837191,0.810554,4.805097,0.2,glove,256.0,40.0,1.0,gru,MIND15/keep_all/BiAttentionClassifyModel,
119,BiAttentionClassifyModel,2021.0,0.0,base,0.621458,0.802347,0.796755,0.820129,0.802347,4.945121,0.599173,0.806872,0.802353,0.825396,0.806872,4.956386,0.2,glove,256.0,40.0,1.0,gru,MIND15/keep_all/BiAttentionClassifyModel,
120,BiAttentionClassifyModel,4.0,0.0,base,0.567082,0.802807,0.793408,0.815244,0.802807,4.511847,0.568108,0.807486,0.800248,0.821745,0.807486,4.525518,0.2,glove,256.0,40.0,1.0,gru,MIND15/keep_all/BiAttentionClassifyModel,
121,BiAttentionClassifyModel,25.0,0.0,base,0.565927,0.807639,0.799934,0.820008,0.807639,4.570072,0.560553,0.813852,0.808406,0.829989,0.813852,4.581942,0.2,glove,256.0,40.0,1.0,gru,MIND15/keep_all/BiAttentionClassifyModel,
122,BiAttentionClassifyModel,2021.0,0.0,base,0.567628,0.803497,0.797246,0.821361,0.803497,4.456524,0.563754,0.811781,0.805602,0.82817,0.811781,4.470258,0.2,glove,256.0,40.0,1.0,gru,MIND15/keep_all/BiAttentionClassifyModel,
123,BiAttentionClassifyModel,2021.0,0.0,base,0.578634,0.796825,0.785092,0.803853,0.796825,4.58527,0.573944,0.805108,0.795972,0.817513,0.805108,4.599725,0.2,glove,256.0,40.0,1.0,gru,MIND15/keep_all/BiAttentionClassifyModel,
124,BiAttentionClassifyModel,2021.0,0.0,base,0.606067,0.798129,0.792514,0.817096,0.798129,4.61809,0.594862,0.808176,0.803553,0.828429,0.808176,4.627999,0.2,glove,256.0,40.0,1.0,gru,MIND15/keep_all/BiAttentionClassifyModel,
125,BiAttentionClassifyModel,2021.0,0.0,base,0.609494,0.790459,0.788816,0.818394,0.790459,3.296495,0.588965,0.797515,0.794965,0.820689,0.797515,3.301116,0.2,glove,256.0,40.0,1.0,gru,MIND15/keep_all/BiAttentionClassifyModel,
126,BiAttentionClassifyModel,25.0,0.0,base,0.593573,0.80273,0.789495,0.80967,0.80273,3.940335,0.581495,0.806029,0.793909,0.811561,0.806029,3.94647,0.2,glove,256.0,40.0,1.0,gru,MIND15/keep_all/BiAttentionClassifyModel,
127,BiAttentionClassifyModel,2021.0,0.0,base,0.597979,0.799509,0.791691,0.814731,0.799509,3.901009,0.594415,0.802807,0.795193,0.817923,0.802807,3.910633,0.2,glove,256.0,40.0,1.0,gru,MIND15/keep_all/BiAttentionClassifyModel,
128,BiAttentionClassifyModel,42.0,0.0,base,0.578416,0.801273,0.794604,0.817529,0.801273,3.959181,0.56809,0.809173,0.803689,0.824601,0.809173,3.966345,0.2,glove,256.0,40.0,1.0,gru,MIND15/keep_all/BiAttentionClassifyModel,
129,BiAttentionClassifyModel,2020.0,0.0,base,0.609177,0.793297,0.784348,0.808717,0.793297,3.870023,0.60326,0.796134,0.786313,0.807412,0.796134,3.877739,0.2,glove,256.0,40.0,1.0,gru,MIND15/keep_all/BiAttentionClassifyModel,
130,BiAttentionClassifyModel,42.0,0.0,base,0.619443,0.796058,0.793571,0.820676,0.796058,3.95535,0.605757,0.806872,0.804872,0.830792,0.806872,3.960144,0.2,glove,256.0,40.0,1.0,gru,MIND15/keep_all/BiAttentionClassifyModel,
131,BiAttentionClassifyModel,42.0,0.0,base,0.613726,0.792376,0.784551,0.808182,0.792376,3.166142,0.589639,0.803497,0.796981,0.819732,0.803497,3.176861,0.2,glove,256.0,40.0,1.0,gru,MIND15/keep_all/BiAttentionClassifyModel,
132,BiAttentionClassifyModel,42.0,0.0,base,0.576477,0.80204,0.79301,0.815734,0.80204,4.619561,0.567328,0.807639,0.798033,0.817413,0.807639,4.635763,0.2,glove,256.0,40.0,1.0,gru,MIND15/keep_all/BiAttentionClassifyModel,
133,BiAttentionClassifyModel,42.0,0.0,base,0.588958,0.799816,0.796029,0.820853,0.799816,4.689991,0.578161,0.806949,0.803342,0.826687,0.806949,4.704668,0.2,glove,256.0,40.0,1.0,gru,MIND15/keep_all/BiAttentionClassifyModel,
134,BiAttentionClassifyModel,42.0,0.0,base,0.596487,0.796748,0.789522,0.814709,0.796748,4.497506,0.59354,0.801043,0.794022,0.81736,0.801043,4.511087,0.2,glove,256.0,40.0,1.0,,MIND15/keep_all/BiAttentionClassifyModel,
135,BiAttentionClassifyModel,25.0,0.0,base,0.576228,0.811167,0.807189,0.832357,0.811167,3.237581,0.56239,0.816536,0.813671,0.84012,0.816536,3.247024,0.2,roberta-base,256.0,40.0,1.0,,MIND15/keep_all/BiAttentionClassifyModel,
136,BiAttentionClassifyModel,2021.0,0.0,base,0.545849,0.810094,0.808947,0.836216,0.810094,3.682382,0.546204,0.811321,0.810562,0.83737,0.811321,3.693407,0.2,roberta-base,256.0,40.0,1.0,,MIND15/keep_all/BiAttentionClassifyModel,
137,BiAttentionClassifyModel,2020.0,0.0,base,0.54731,0.807946,0.80651,0.832383,0.807946,3.632659,0.53792,0.814389,0.813213,0.840248,0.814389,3.645459,0.2,roberta-base,256.0,40.0,1.0,,MIND15/keep_all/BiAttentionClassifyModel,
138,BiAttentionClassifyModel,42.0,0.0,base,0.567395,0.808713,0.805049,0.830384,0.808713,3.244107,0.560869,0.812701,0.810706,0.836382,0.812701,3.255002,0.2,roberta-base,256.0,40.0,1.0,,MIND15/keep_all/BiAttentionClassifyModel,
139,BiAttentionClassifyModel,42.0,0.0,base,0.564108,0.810094,0.803716,0.825735,0.810094,4.553,0.559291,0.812701,0.806881,0.828452,0.812701,4.564985,0.2,roberta-base,256.0,40.0,1.0,gru,MIND15/keep_all/BiAttentionClassifyModel,
140,BiAttentionClassifyModel,25.0,0.0,base,0.578088,0.799663,0.793879,0.817575,0.799663,4.535621,0.568349,0.806105,0.802429,0.828069,0.806105,4.54893,0.2,bert-base-uncased,256.0,40.0,1.0,gru,MIND15/keep_all/BiAttentionClassifyModel,
141,BiAttentionClassifyModel,2021.0,0.0,base,0.568968,0.80273,0.79964,0.824631,0.80273,4.677468,0.563228,0.806412,0.803651,0.829519,0.806412,4.691332,0.2,bert-base-uncased,256.0,40.0,1.0,gru,MIND15/keep_all/BiAttentionClassifyModel,
142,BiAttentionClassifyModel,2020.0,0.0,base,0.571459,0.802347,0.795327,0.817896,0.802347,4.604351,0.565633,0.80879,0.802536,0.825938,0.80879,4.617003,0.2,bert-base-uncased,256.0,40.0,1.0,gru,MIND15/keep_all/BiAttentionClassifyModel,
143,BiAttentionClassifyModel,42.0,0.0,base,0.584811,0.798742,0.792733,0.816929,0.798742,4.562117,0.581292,0.798435,0.792526,0.815697,0.798435,4.574268,0.2,bert-base-uncased,256.0,40.0,1.0,gru,MIND15/keep_all/BiAttentionClassifyModel,
144,BiAttentionClassifyModel,2021.0,0.0,base,0.560779,0.804725,0.80266,0.83068,0.804725,3.843814,0.552282,0.808483,0.807313,0.833837,0.808483,3.858567,0.2,distilbert-base-uncased,256.0,40.0,1.0,gru,MIND15/keep_all/BiAttentionClassifyModel,
145,BiAttentionClassifyModel,2020.0,0.0,base,0.564643,0.807102,0.799057,0.820167,0.807102,3.798775,0.553837,0.813468,0.806439,0.827638,0.813468,3.810762,0.2,distilbert-base-uncased,256.0,40.0,1.0,gru,MIND15/keep_all/BiAttentionClassifyModel,
146,BiAttentionClassifyModel,42.0,0.0,base,0.570819,0.803037,0.794778,0.816461,0.803037,3.76332,0.56576,0.807869,0.799421,0.819717,0.807869,3.776318,0.2,distilbert-base-uncased,256.0,40.0,1.0,gru,MIND15/keep_all/BiAttentionClassifyModel,
147,BiAttentionClassifyModel,4.0,0.0,base,0.581559,0.804418,0.799571,0.823838,0.804418,3.97386,0.569398,0.810554,0.805196,0.826585,0.810554,3.982645,0.2,glove,256.0,40.0,1.0,gru,MIND15/keep_all/BiAttentionClassifyModel,
148,BiAttentionClassifyModel,25.0,0.0,base,0.581869,0.798819,0.794201,0.820072,0.798819,3.885651,0.564671,0.806949,0.804477,0.830222,0.806949,3.893575,0.2,glove,256.0,40.0,1.0,gru,MIND15/keep_all/BiAttentionClassifyModel,
149,BiAttentionClassifyModel,2021.0,0.0,base,0.576928,0.797055,0.790739,0.814547,0.797055,4.190431,0.573976,0.803574,0.79706,0.817494,0.803574,4.196171,0.2,glove,256.0,40.0,1.0,gru,MIND15/keep_all/BiAttentionClassifyModel,
150,BiAttentionClassifyModel,2020.0,0.0,base,0.564978,0.801657,0.792776,0.814369,0.801657,4.173921,0.566124,0.807332,0.799517,0.820347,0.807332,4.182478,0.2,glove,256.0,40.0,1.0,gru,MIND15/keep_all/BiAttentionClassifyModel,
151,BiAttentionClassifyModel,42.0,0.0,base,0.57483,0.801657,0.794744,0.816225,0.801657,4.042089,0.559397,0.80925,0.804853,0.826979,0.80925,4.048315,0.2,glove,256.0,40.0,1.0,gru,MIND15/keep_all/BiAttentionClassifyModel,
152,BiAttentionClassifyModel,4.0,0.0,base,0.635166,0.790996,0.787127,0.813387,0.790996,4.114737,0.619191,0.798819,0.794815,0.819105,0.798819,4.12511,0.2,glove,256.0,40.0,1.0,gru,MIND15/keep_all/BiAttentionClassifyModel,
153,BiAttentionClassifyModel,25.0,0.0,base,0.5776,0.801043,0.797413,0.821392,0.801043,4.19541,0.573096,0.807793,0.805708,0.831675,0.807793,4.204892,0.2,glove,256.0,40.0,1.0,gru,MIND15/keep_all/BiAttentionClassifyModel,
154,BiAttentionClassifyModel,2021.0,0.0,base,0.611287,0.795061,0.790425,0.817209,0.795061,3.973579,0.605458,0.800046,0.796864,0.822653,0.800046,3.98423,0.2,glove,256.0,40.0,1.0,gru,MIND15/keep_all/BiAttentionClassifyModel,
155,BiAttentionClassifyModel,2020.0,0.0,base,0.581889,0.80066,0.800739,0.829798,0.80066,4.000149,0.576279,0.804264,0.804613,0.833952,0.804264,4.008208,0.2,glove,256.0,40.0,1.0,gru,MIND15/keep_all/BiAttentionClassifyModel,
156,BiAttentionClassifyModel,42.0,0.0,base,0.590704,0.799279,0.792026,0.814343,0.799279,4.012984,0.575606,0.804955,0.798748,0.820314,0.804955,4.022678,0.2,glove,256.0,40.0,1.0,gru,MIND15/keep_all/BiAttentionClassifyModel,
157,BiAttentionClassifyModel,4.0,0.0,base,0.585756,0.798205,0.791036,0.8155,0.798205,3.275409,0.571728,0.802884,0.797935,0.822035,0.802884,3.280925,0.2,glove,256.0,40.0,1.0,gru,MIND15/keep_all/BiAttentionClassifyModel,
158,BiAttentionClassifyModel,25.0,0.0,base,0.594111,0.799509,0.788359,0.807362,0.799509,2.935766,0.585769,0.80089,0.791813,0.811317,0.80089,2.936704,0.2,glove,256.0,40.0,1.0,gru,MIND15/keep_all/BiAttentionClassifyModel,
159,BiAttentionClassifyModel,2021.0,0.0,base,0.581138,0.798129,0.786494,0.805291,0.798129,3.254938,0.571776,0.803728,0.794808,0.816729,0.803728,3.255758,0.2,glove,256.0,40.0,1.0,gru,MIND15/keep_all/BiAttentionClassifyModel,
160,BiAttentionClassifyModel,2020.0,0.0,base,0.585573,0.796518,0.790896,0.816516,0.796518,3.046876,0.574869,0.804801,0.800758,0.824284,0.804801,3.050071,0.2,glove,256.0,40.0,1.0,gru,MIND15/keep_all/BiAttentionClassifyModel,
161,BiAttentionClassifyModel,42.0,0.0,base,0.58802,0.800199,0.791856,0.814127,0.800199,3.323591,0.571173,0.807026,0.799344,0.81936,0.807026,3.326154,0.2,glove,256.0,40.0,1.0,gru,MIND15/keep_all/BiAttentionClassifyModel,
162,TextCNNClassifyModel,4.0,0.0,,0.727411,0.758399,0.748312,0.770928,0.758399,,0.717383,0.761697,0.752965,0.777333,0.761697,,0.2,glove,256.0,,,,MIND15/keep_all/TextCNNClassifyModel,
163,TextCNNClassifyModel,25.0,0.0,,0.726688,0.762617,0.756081,0.781241,0.762617,,0.712611,0.767296,0.762863,0.789228,0.767296,,0.2,glove,256.0,,,,MIND15/keep_all/TextCNNClassifyModel,
164,TextCNNClassifyModel,2021.0,0.0,,0.739098,0.762617,0.751286,0.771646,0.762617,,0.713615,0.766759,0.754749,0.773584,0.766759,,0.2,glove,256.0,,,,MIND15/keep_all/TextCNNClassifyModel,
165,TextCNNClassifyModel,2020.0,0.0,,0.711934,0.768906,0.762364,0.786795,0.768906,,0.708944,0.769673,0.763613,0.787353,0.769673,,0.2,glove,256.0,,,,MIND15/keep_all/TextCNNClassifyModel,
166,TextCNNClassifyModel,42.0,0.0,,0.727003,0.760546,0.751738,0.775209,0.760546,,0.713078,0.767066,0.760077,0.78386,0.767066,,0.2,glove,256.0,,,,MIND15/keep_all/TextCNNClassifyModel,
167,FastformerClassifyModel,4.0,0.0,,0.647244,0.786547,0.786203,0.815757,0.786547,,0.634823,0.794064,0.793978,0.823725,0.794064,,0.2,glove,256.0,,,,MIND15/keep_all/FastformerClassifyModel,
168,FastformerClassifyModel,25.0,0.0,,0.646093,0.791149,0.79027,0.820347,0.791149,,0.63032,0.797668,0.795063,0.820209,0.797668,,0.2,glove,256.0,,,,MIND15/keep_all/FastformerClassifyModel,
169,FastformerClassifyModel,2021.0,0.0,,0.64991,0.788311,0.786847,0.815591,0.788311,,0.63757,0.795828,0.797867,0.828426,0.795828,,0.2,glove,256.0,,,,MIND15/keep_all/FastformerClassifyModel,
170,FastformerClassifyModel,2020.0,0.0,,0.669875,0.781331,0.768991,0.7902,0.781331,,0.667518,0.780028,0.769662,0.792173,0.780028,,0.2,glove,256.0,,,,MIND15/keep_all/FastformerClassifyModel,
171,FastformerClassifyModel,42.0,0.0,,0.659238,0.785013,0.774216,0.795715,0.785013,,0.648189,0.787391,0.778298,0.799115,0.787391,,0.2,glove,256.0,,,,MIND15/keep_all/FastformerClassifyModel,
172,FastformerClassifyModel,4.0,0.0,,0.694183,0.777573,0.77303,0.798509,0.777573,,0.691294,0.780795,0.777656,0.8051,0.780795,,0.2,glove,100.0,,,,MIND15/keep_all/FastformerClassifyModel,
173,FastformerClassifyModel,25.0,0.0,,0.69746,0.774889,0.770028,0.79652,0.774889,,0.680577,0.782482,0.777793,0.802724,0.782482,,0.2,glove,100.0,,,,MIND15/keep_all/FastformerClassifyModel,
174,FastformerClassifyModel,2021.0,0.0,,0.74233,0.772204,0.764247,0.789182,0.772204,,0.731563,0.77719,0.767959,0.78975,0.77719,,0.2,glove,100.0,,,,MIND15/keep_all/FastformerClassifyModel,
175,FastformerClassifyModel,2020.0,0.0,,0.782824,0.770977,0.772353,0.805735,0.770977,,0.774622,0.773125,0.772009,0.80061,0.773125,,0.2,glove,100.0,,,,MIND15/keep_all/FastformerClassifyModel,
176,FastformerClassifyModel,42.0,0.0,,0.704013,0.774352,0.763826,0.786828,0.774352,,0.700444,0.779644,0.771271,0.793715,0.779644,,0.2,glove,100.0,,,,MIND15/keep_all/FastformerClassifyModel,
177,PretrainedBaseline,4.0,0.0,,0.540894,0.810094,0.805278,0.829061,0.810094,,0.54634,0.812088,0.806713,0.828439,0.812088,,0.2,roberta-base,256.0,,,,MIND15/keep_all/PretrainedBaseline,
178,PretrainedBaseline,25.0,0.0,,0.557537,0.811091,0.805425,0.828739,0.811091,,0.561388,0.815923,0.809982,0.833472,0.815923,,0.2,roberta-base,256.0,,,,MIND15/keep_all/PretrainedBaseline,
179,PretrainedBaseline,2021.0,0.0,,0.55719,0.810784,0.807408,0.83304,0.810784,,0.566789,0.811014,0.807951,0.832865,0.811014,,0.2,roberta-base,256.0,,,,MIND15/keep_all/PretrainedBaseline,
180,PretrainedBaseline,2020.0,0.0,,0.55743,0.806719,0.804315,0.829608,0.806719,,0.561085,0.814619,0.814168,0.842158,0.814619,,0.2,roberta-base,256.0,,,,MIND15/keep_all/PretrainedBaseline,
181,PretrainedBaseline,42.0,0.0,,0.557589,0.804955,0.806295,0.837491,0.804955,,0.558573,0.80925,0.811554,0.843332,0.80925,,0.2,roberta-base,256.0,,,,MIND15/keep_all/PretrainedBaseline,
182,PretrainedBaseline,4.0,0.0,,0.621695,0.797975,0.796309,0.822593,0.797975,,0.621264,0.798435,0.799698,0.831045,0.798435,,0.2,bert-base-uncased,256.0,,,,MIND15/keep_all/PretrainedBaseline,
183,PretrainedBaseline,25.0,0.0,,0.586834,0.798435,0.790407,0.813591,0.798435,,0.58419,0.800046,0.793016,0.815669,0.800046,,0.2,bert-base-uncased,256.0,,,,MIND15/keep_all/PretrainedBaseline,
184,PretrainedBaseline,2021.0,0.0,,0.580633,0.797285,0.793487,0.820709,0.797285,,0.585109,0.798282,0.797431,0.825865,0.798282,,0.2,bert-base-uncased,256.0,,,,MIND15/keep_all/PretrainedBaseline,
185,PretrainedBaseline,2020.0,0.0,,0.586205,0.79368,0.794129,0.823782,0.79368,,0.577897,0.799969,0.801363,0.830994,0.799969,,0.2,bert-base-uncased,256.0,,,,MIND15/keep_all/PretrainedBaseline,
186,PretrainedBaseline,42.0,0.0,,0.579785,0.80043,0.788606,0.809854,0.80043,,0.57751,0.8025,0.791424,0.813001,0.8025,,0.2,bert-base-uncased,256.0,,,,MIND15/keep_all/PretrainedBaseline,
187,PretrainedBaseline,2020.0,0.0,,0.581875,0.798435,0.794114,0.818672,0.798435,,0.57177,0.806182,0.803628,0.828894,0.806182,,0.2,xlnet-base-cased,256.0,,,,MIND15/keep_all/PretrainedBaseline,
188,PretrainedBaseline,42.0,0.0,,0.579077,0.799893,0.795142,0.819372,0.799893,,0.571022,0.806412,0.803859,0.829781,0.806412,,0.2,xlnet-base-cased,256.0,,,,MIND15/keep_all/PretrainedBaseline,
189,BiAttentionClassifyModel,4.0,0.0,base,0.561102,0.80925,0.806472,0.832579,0.80925,3.620198,0.547055,0.812241,0.808766,0.833179,0.812241,3.634726,0.2,distilbert-base-uncased,256.0,40.0,1.0,,MIND15/keep_all/BiAttentionClassifyModel,
190,BiAttentionClassifyModel,25.0,0.0,base,0.569116,0.805492,0.80328,0.830187,0.805492,3.405943,0.564484,0.808253,0.805784,0.830685,0.808253,3.417621,0.2,distilbert-base-uncased,256.0,40.0,1.0,,MIND15/keep_all/BiAttentionClassifyModel,
191,BiAttentionClassifyModel,2021.0,0.0,base,0.555611,0.805185,0.804203,0.830837,0.805185,3.604638,0.554562,0.80925,0.807249,0.832917,0.80925,3.615436,0.2,distilbert-base-uncased,256.0,40.0,1.0,,MIND15/keep_all/BiAttentionClassifyModel,
192,BiAttentionClassifyModel,2020.0,0.0,base,0.558173,0.805568,0.803569,0.829189,0.805568,3.43418,0.552791,0.811628,0.80975,0.835866,0.811628,3.445284,0.2,distilbert-base-uncased,256.0,40.0,1.0,,MIND15/keep_all/BiAttentionClassifyModel,
193,BiAttentionClassifyModel,42.0,0.0,base,0.56563,0.806182,0.801396,0.824986,0.806182,3.349524,0.54965,0.809403,0.804782,0.826763,0.809403,3.36178,0.2,distilbert-base-uncased,256.0,40.0,1.0,,MIND15/keep_all/BiAttentionClassifyModel,
194,BiAttentionClassifyModel,4.0,0.0,base,0.687706,0.773585,0.759289,0.779378,0.773585,4.48821,0.678264,0.779874,0.766062,0.785333,0.779874,4.497252,0.2,bert-base-uncased,256.0,40.0,1.0,,MIND15/keep_all/BiAttentionClassifyModel,
195,BiAttentionClassifyModel,25.0,0.0,base,0.712022,0.771361,0.771807,0.804256,0.771361,1.933085,0.700211,0.775196,0.777441,0.812591,0.775196,1.923483,0.2,bert-base-uncased,256.0,40.0,1.0,,MIND15/keep_all/BiAttentionClassifyModel,
196,BiAttentionClassifyModel,2021.0,0.0,base,0.659981,0.776576,0.770042,0.794664,0.776576,3.803222,0.66135,0.778033,0.772178,0.797524,0.778033,3.812042,0.2,bert-base-uncased,256.0,40.0,1.0,,MIND15/keep_all/BiAttentionClassifyModel,
197,BiAttentionClassifyModel,2020.0,0.0,base,0.715387,0.769597,0.767301,0.799395,0.769597,3.33071,0.712602,0.771974,0.773394,0.810159,0.771974,3.343606,0.2,bert-base-uncased,256.0,40.0,1.0,,MIND15/keep_all/BiAttentionClassifyModel,
198,BiAttentionClassifyModel,42.0,0.0,base,0.736563,0.759396,0.746526,0.768322,0.759396,3.660485,0.720956,0.769597,0.756372,0.774038,0.769597,3.668196,0.2,bert-base-uncased,256.0,40.0,1.0,,MIND15/keep_all/BiAttentionClassifyModel,
199,BiAttentionClassifyModel,2020.0,0.0,base,0.651711,0.776806,0.769383,0.793923,0.776806,0.222302,0.645248,0.785013,0.777035,0.798892,0.785013,0.222064,0.2,glove,256.0,200.0,1.0,,MIND15/keep_all/BiAttentionClassifyModel,
200,BiAttentionClassifyModel,42.0,0.0,base,0.654651,0.778954,0.766739,0.788193,0.778954,0.23742,0.643497,0.781945,0.770298,0.788803,0.781945,0.237259,0.2,glove,256.0,200.0,1.0,,MIND15/keep_all/BiAttentionClassifyModel,
201,BiAttentionClassifyModel,4.0,0.0,base,0.649992,0.774275,0.771288,0.800692,0.774275,0.30331,0.646011,0.780795,0.777458,0.803002,0.780795,0.302867,0.2,glove,256.0,180.0,1.0,,MIND15/keep_all/BiAttentionClassifyModel,
202,BiAttentionClassifyModel,25.0,0.0,base,0.660737,0.776193,0.765075,0.786965,0.776193,0.222143,0.652896,0.782559,0.771312,0.792453,0.782559,0.221273,0.2,glove,256.0,180.0,1.0,,MIND15/keep_all/BiAttentionClassifyModel,
203,BiAttentionClassifyModel,2021.0,0.0,base,0.650391,0.778417,0.770345,0.794096,0.778417,0.221889,0.650359,0.7788,0.771463,0.794912,0.7788,0.221879,0.2,glove,256.0,180.0,1.0,,MIND15/keep_all/BiAttentionClassifyModel,
204,BiAttentionClassifyModel,2020.0,0.0,base,0.64953,0.77696,0.762723,0.784359,0.77696,0.300021,0.635969,0.78486,0.770213,0.787255,0.78486,0.299638,0.2,glove,256.0,180.0,1.0,,MIND15/keep_all/BiAttentionClassifyModel,
205,BiAttentionClassifyModel,42.0,0.0,base,0.644333,0.779567,0.772027,0.795206,0.779567,0.299254,0.641437,0.780948,0.776739,0.803386,0.780948,0.298879,0.2,glove,256.0,180.0,1.0,,MIND15/keep_all/BiAttentionClassifyModel,
206,BiAttentionClassifyModel,4.0,0.0,base,0.651692,0.778494,0.769942,0.793497,0.778494,0.458202,0.638601,0.784936,0.777135,0.799395,0.784936,0.458356,0.2,glove,256.0,160.0,1.0,,MIND15/keep_all/BiAttentionClassifyModel,
207,BiAttentionClassifyModel,25.0,0.0,base,0.666941,0.77673,0.763955,0.782903,0.77673,0.238017,0.652841,0.778954,0.769306,0.788335,0.778954,0.237894,0.2,glove,256.0,160.0,1.0,,MIND15/keep_all/BiAttentionClassifyModel,
208,BiAttentionClassifyModel,2021.0,0.0,base,0.648535,0.776346,0.767302,0.790074,0.776346,0.368713,0.638507,0.781945,0.773677,0.796632,0.781945,0.367516,0.2,glove,256.0,160.0,1.0,,MIND15/keep_all/BiAttentionClassifyModel,
209,BiAttentionClassifyModel,2020.0,0.0,base,0.636985,0.787161,0.777123,0.799635,0.787161,0.930054,0.628951,0.790075,0.782483,0.806939,0.790075,0.929225,0.2,glove,256.0,160.0,1.0,,MIND15/keep_all/BiAttentionClassifyModel,
210,BiAttentionClassifyModel,42.0,0.0,base,0.642835,0.781408,0.770631,0.793955,0.781408,0.445551,0.63675,0.78486,0.776861,0.800915,0.78486,0.445399,0.2,glove,256.0,160.0,1.0,,MIND15/keep_all/BiAttentionClassifyModel,
211,BiAttentionClassifyModel,4.0,0.0,base,0.66135,0.778724,0.772917,0.797415,0.778724,0.373237,0.650702,0.782252,0.778037,0.803601,0.782252,0.372674,0.2,glove,256.0,140.0,1.0,,MIND15/keep_all/BiAttentionClassifyModel,
212,BiAttentionClassifyModel,25.0,0.0,base,0.651409,0.775809,0.76334,0.783279,0.775809,0.347308,0.641056,0.778417,0.768011,0.79042,0.778417,0.347437,0.2,glove,256.0,140.0,1.0,,MIND15/keep_all/BiAttentionClassifyModel,
213,BiAttentionClassifyModel,2021.0,0.0,base,0.654557,0.785397,0.776085,0.799483,0.785397,0.834246,0.636576,0.788311,0.778794,0.801036,0.788311,0.834806,0.2,glove,256.0,140.0,1.0,,MIND15/keep_all/BiAttentionClassifyModel,
214,BiAttentionClassifyModel,2020.0,0.0,base,0.644475,0.783786,0.777795,0.802455,0.783786,2.274366,0.636863,0.785933,0.781537,0.806511,0.785933,2.277583,0.2,glove,256.0,140.0,1.0,,MIND15/keep_all/BiAttentionClassifyModel,
215,BiAttentionClassifyModel,42.0,0.0,base,0.652977,0.782252,0.770278,0.794219,0.782252,1.250338,0.628082,0.792299,0.780692,0.799918,0.792299,1.251282,0.2,glove,256.0,140.0,1.0,,MIND15/keep_all/BiAttentionClassifyModel,
216,BiAttentionClassifyModel,4.0,0.0,base,0.619913,0.790919,0.781387,0.802893,0.790919,2.009153,0.609931,0.79276,0.784105,0.803637,0.79276,2.012197,0.2,glove,256.0,120.0,1.0,,MIND15/keep_all/BiAttentionClassifyModel,
217,BiAttentionClassifyModel,25.0,0.0,base,0.605363,0.792146,0.783573,0.806803,0.792146,2.185849,0.603738,0.795137,0.787079,0.811095,0.795137,2.189465,0.2,glove,256.0,120.0,1.0,,MIND15/keep_all/BiAttentionClassifyModel,
218,BiAttentionClassifyModel,2021.0,0.0,base,0.627658,0.78555,0.76987,0.789248,0.78555,1.965625,0.611007,0.79345,0.779629,0.79767,0.79345,1.969275,0.2,glove,256.0,120.0,1.0,,MIND15/keep_all/BiAttentionClassifyModel,
219,BiAttentionClassifyModel,2020.0,0.0,base,0.641284,0.791916,0.780757,0.800404,0.791916,2.039894,0.629856,0.798972,0.790091,0.812649,0.798972,2.0425,0.2,glove,256.0,120.0,1.0,,MIND15/keep_all/BiAttentionClassifyModel,
220,BiAttentionClassifyModel,42.0,0.0,base,0.621368,0.787928,0.782162,0.807595,0.787928,1.880374,0.61199,0.791379,0.787121,0.812749,0.791379,1.882104,0.2,glove,256.0,120.0,1.0,,MIND15/keep_all/BiAttentionClassifyModel,
221,BiAttentionClassifyModel,4.0,0.0,base,0.63858,0.790765,0.777238,0.795864,0.790765,1.964858,0.631577,0.795214,0.783492,0.803335,0.795214,1.966075,0.2,glove,256.0,100.0,1.0,,MIND15/keep_all/BiAttentionClassifyModel,
222,BiAttentionClassifyModel,25.0,0.0,base,0.658865,0.787161,0.782909,0.807316,0.787161,2.087567,0.640174,0.79322,0.792532,0.820127,0.79322,2.0911,0.2,glove,256.0,100.0,1.0,,MIND15/keep_all/BiAttentionClassifyModel,
223,BiAttentionClassifyModel,2021.0,0.0,base,0.646735,0.79414,0.789971,0.814881,0.79414,2.604997,0.635846,0.796595,0.795128,0.821299,0.796595,2.609056,0.2,glove,256.0,100.0,1.0,,MIND15/keep_all/BiAttentionClassifyModel,
224,BiAttentionClassifyModel,2020.0,0.0,base,0.611071,0.795521,0.78542,0.808283,0.795521,3.033363,0.601957,0.797822,0.788457,0.808668,0.797822,3.03914,0.2,glove,256.0,100.0,1.0,,MIND15/keep_all/BiAttentionClassifyModel,
225,BiAttentionClassifyModel,42.0,0.0,base,0.616681,0.794217,0.789554,0.815944,0.794217,3.21736,0.605393,0.797592,0.794558,0.819584,0.797592,3.224886,0.2,glove,256.0,100.0,1.0,,MIND15/keep_all/BiAttentionClassifyModel,
226,BiAttentionClassifyModel,4.0,0.0,base,0.617853,0.79483,0.784388,0.805986,0.79483,3.31718,0.599339,0.800123,0.790439,0.81019,0.800123,3.324322,0.2,glove,256.0,80.0,1.0,,MIND15/keep_all/BiAttentionClassifyModel,
227,BiAttentionClassifyModel,25.0,0.0,base,0.610605,0.797592,0.795706,0.824681,0.797592,3.065468,0.597874,0.80273,0.801387,0.827121,0.80273,3.071862,0.2,glove,256.0,80.0,1.0,,MIND15/keep_all/BiAttentionClassifyModel,
228,BiAttentionClassifyModel,2021.0,0.0,base,0.619618,0.785933,0.77973,0.802714,0.785933,3.178019,0.609183,0.796211,0.790755,0.813999,0.796211,3.181299,0.2,glove,256.0,80.0,1.0,,MIND15/keep_all/BiAttentionClassifyModel,
229,BiAttentionClassifyModel,2020.0,0.0,base,0.629115,0.789538,0.784102,0.807803,0.789538,3.180076,0.615025,0.799893,0.795415,0.820217,0.799893,3.184259,0.2,glove,256.0,80.0,1.0,,MIND15/keep_all/BiAttentionClassifyModel,
230,BiAttentionClassifyModel,42.0,0.0,base,0.640173,0.790842,0.785909,0.811092,0.790842,3.307412,0.62621,0.799586,0.797356,0.821829,0.799586,3.314126,0.2,glove,256.0,80.0,1.0,,MIND15/keep_all/BiAttentionClassifyModel,
231,BiAttentionClassifyModel,4.0,0.0,base,0.63421,0.791302,0.781551,0.801838,0.791302,3.329586,0.619476,0.795981,0.786623,0.807091,0.795981,3.337011,0.2,glove,256.0,60.0,1.0,,MIND15/keep_all/BiAttentionClassifyModel,
232,BiAttentionClassifyModel,25.0,0.0,base,0.610812,0.795674,0.793219,0.819331,0.795674,3.316611,0.606963,0.797745,0.794331,0.81794,0.797745,3.321534,0.2,glove,256.0,60.0,1.0,,MIND15/keep_all/BiAttentionClassifyModel,
233,BiAttentionClassifyModel,2021.0,0.0,base,0.598345,0.797362,0.792735,0.816865,0.797362,3.19049,0.593399,0.803114,0.799671,0.823883,0.803114,3.198486,0.2,glove,256.0,60.0,1.0,,MIND15/keep_all/BiAttentionClassifyModel,
234,BiAttentionClassifyModel,2020.0,0.0,base,0.603824,0.797822,0.792237,0.816943,0.797822,3.201688,0.597669,0.80273,0.796653,0.818177,0.80273,3.208711,0.2,glove,256.0,60.0,1.0,,MIND15/keep_all/BiAttentionClassifyModel,
235,BiAttentionClassifyModel,42.0,0.0,base,0.601785,0.794754,0.784214,0.803992,0.794754,3.877709,0.594118,0.803651,0.794184,0.81499,0.803651,3.885386,0.2,glove,256.0,60.0,1.0,,MIND15/keep_all/BiAttentionClassifyModel,
236,BiAttentionClassifyModel,4.0,0.0,base,0.601205,0.795291,0.78507,0.806166,0.795291,3.511765,0.601724,0.797975,0.78903,0.810748,0.797975,3.518238,0.2,glove,256.0,40.0,1.0,,MIND15/keep_all/BiAttentionClassifyModel,
237,BiAttentionClassifyModel,25.0,0.0,base,0.608915,0.7946,0.782783,0.804562,0.7946,3.91558,0.597553,0.802194,0.790907,0.810201,0.802194,3.923745,0.2,glove,256.0,40.0,1.0,,MIND15/keep_all/BiAttentionClassifyModel,
238,BiAttentionClassifyModel,2021.0,0.0,base,0.606472,0.794907,0.790782,0.817282,0.794907,3.521021,0.595127,0.798359,0.794259,0.819002,0.798359,3.530238,0.2,glove,256.0,40.0,1.0,,MIND15/keep_all/BiAttentionClassifyModel,
239,BiAttentionClassifyModel,2020.0,0.0,base,0.610482,0.795214,0.790551,0.814984,0.795214,3.784573,0.614555,0.800123,0.795991,0.821572,0.800123,3.792979,0.2,glove,256.0,40.0,1.0,,MIND15/keep_all/BiAttentionClassifyModel,
240,BiAttentionClassifyModel,42.0,0.0,base,0.621558,0.795214,0.791667,0.816202,0.795214,3.986234,0.601625,0.805875,0.804151,0.828203,0.805875,3.994488,0.2,glove,256.0,40.0,1.0,,MIND15/keep_all/BiAttentionClassifyModel,
241,BiAttentionClassifyModel,4.0,0.0,base,0.60146,0.794064,0.786181,0.810204,0.794064,3.783923,0.590082,0.801503,0.794659,0.814695,0.801503,3.791009,0.2,glove,256.0,20.0,1.0,,MIND15/keep_all/BiAttentionClassifyModel,
242,BiAttentionClassifyModel,25.0,0.0,base,0.603388,0.797898,0.788,0.810495,0.797898,3.921989,0.601047,0.799049,0.788954,0.80729,0.799049,3.930341,0.2,glove,256.0,20.0,1.0,,MIND15/keep_all/BiAttentionClassifyModel,
243,BiAttentionClassifyModel,2021.0,0.0,base,0.616513,0.791839,0.789498,0.816221,0.791839,3.635225,0.60434,0.800813,0.798888,0.824669,0.800813,3.642345,0.2,glove,256.0,20.0,1.0,,MIND15/keep_all/BiAttentionClassifyModel,
244,BiAttentionClassifyModel,2020.0,0.0,base,0.612735,0.795367,0.79271,0.819574,0.795367,3.938968,0.606747,0.799126,0.797305,0.822824,0.799126,3.947575,0.2,glove,256.0,20.0,1.0,,MIND15/keep_all/BiAttentionClassifyModel,
245,BiAttentionClassifyModel,42.0,0.0,base,0.605574,0.796134,0.789505,0.812255,0.796134,4.001705,0.598601,0.798435,0.792671,0.815719,0.798435,4.010434,0.2,glove,256.0,20.0,1.0,,MIND15/keep_all/BiAttentionClassifyModel,
246,PretrainedBaseline,4.0,0.0,,0.578156,0.803574,0.799221,0.823618,0.803574,,0.580476,0.805952,0.801546,0.824426,0.805952,,0.2,distilbert-base-uncased,256.0,,,,MIND15/keep_all/PretrainedBaseline,
247,PretrainedBaseline,25.0,0.0,,0.581175,0.798819,0.790008,0.812387,0.798819,,0.577936,0.808253,0.800552,0.822729,0.808253,,0.2,distilbert-base-uncased,256.0,,,,MIND15/keep_all/PretrainedBaseline,
248,PretrainedBaseline,2021.0,0.0,,0.569552,0.799893,0.794081,0.817493,0.799893,,0.568679,0.802117,0.797553,0.822863,0.802117,,0.2,distilbert-base-uncased,256.0,,,,MIND15/keep_all/PretrainedBaseline,
249,PretrainedBaseline,2020.0,0.0,,0.582834,0.799739,0.797669,0.824688,0.799739,,0.572054,0.801733,0.800027,0.827016,0.801733,,0.2,distilbert-base-uncased,256.0,,,,MIND15/keep_all/PretrainedBaseline,
250,PretrainedBaseline,42.0,0.0,,0.586907,0.798052,0.796069,0.823736,0.798052,,0.581322,0.800583,0.798745,0.826217,0.800583,,0.2,distilbert-base-uncased,256.0,,,,MIND15/keep_all/PretrainedBaseline,
251,PretrainedBaseline,4.0,0.0,,0.625092,0.789845,0.785925,0.810965,0.789845,,0.624577,0.789538,0.785594,0.810711,0.789538,,0.2,distilbert-base-uncased,100.0,,,,MIND15/keep_all/PretrainedBaseline,
252,PretrainedBaseline,25.0,0.0,,0.690954,0.782942,0.779286,0.80575,0.782942,,0.685577,0.787237,0.78481,0.810888,0.787237,,0.2,distilbert-base-uncased,100.0,,,,MIND15/keep_all/PretrainedBaseline,
253,PretrainedBaseline,2021.0,0.0,,0.628062,0.78624,0.781819,0.807335,0.78624,,0.62587,0.790229,0.786106,0.811421,0.790229,,0.2,distilbert-base-uncased,100.0,,,,MIND15/keep_all/PretrainedBaseline,
254,PretrainedBaseline,2020.0,0.0,,0.632713,0.783632,0.783306,0.812773,0.783632,,0.626024,0.78555,0.785646,0.815785,0.78555,,0.2,distilbert-base-uncased,100.0,,,,MIND15/keep_all/PretrainedBaseline,
255,PretrainedBaseline,42.0,0.0,,0.634186,0.782712,0.777934,0.80435,0.782712,,0.62695,0.786394,0.781077,0.806792,0.786394,,0.2,distilbert-base-uncased,100.0,,,,MIND15/keep_all/PretrainedBaseline,
256,BiAttentionClassifyModel,42.0,0.0,base,0.587207,0.802884,0.799559,0.824571,0.802884,4.303438,0.58233,0.806489,0.804095,0.829669,0.806489,4.310122,0.2,distilbert-base-uncased,100.0,24.0,1.0,,MIND15/keep_all/BiAttentionClassifyModel,32.0
257,BiAttentionClassifyModel,42.0,0.0,base,0.581034,0.804648,0.801396,0.826372,0.804648,4.472325,0.577589,0.806872,0.804799,0.829962,0.806872,4.479376,0.2,distilbert-base-uncased,100.0,24.0,1.0,,MIND15/keep_all/BiAttentionClassifyModel,32.0
258,BiAttentionClassifyModel,2020.0,0.0,base,0.577745,0.808406,0.800612,0.823009,0.808406,4.949273,0.568034,0.812931,0.805122,0.826729,0.812931,4.96012,0.2,distilbert-base-uncased,256.0,24.0,1.0,,MIND15/keep_all/BiAttentionClassifyModel,32.0
259,BiAttentionClassifyModel,42.0,0.0,base,0.55982,0.811321,0.808597,0.834008,0.811321,4.870737,0.556226,0.817994,0.815426,0.840303,0.817994,4.882038,0.2,distilbert-base-uncased,256.0,24.0,1.0,,MIND15/keep_all/BiAttentionClassifyModel,32.0
260,BiAttentionClassifyModel,42.0,0.0,base,0.58736,0.803497,0.799694,0.824731,0.803497,4.11114,0.582415,0.807409,0.80479,0.830812,0.807409,4.118702,0.2,distilbert-base-uncased,100.0,24.0,1.0,,MIND15/keep_all/BiAttentionClassifyModel,32.0
261,BiAttentionClassifyModel,42.0,0.0,base,0.611152,0.792453,0.792272,0.8214,0.792453,3.263538,0.606712,0.794524,0.795524,0.826079,0.794524,3.272146,0.2,distilbert-base-uncased,100.0,24.0,1.0,,MIND15/keep_all/BiAttentionClassifyModel,32.0
262,BiAttentionClassifyModel,42.0,0.0,base,0.557437,0.813162,0.811409,0.836741,0.813162,,0.556172,0.814005,0.812156,0.837251,0.814005,,0.2,distilbert-base-uncased,256.0,24.0,1.0,,MIND15/keep_all/BiAttentionClassifyModel,32.0
263,BiAttentionClassifyModel,42.0,0.0,base,0.557437,0.813162,0.811409,0.836741,0.813162,5.243443,0.556172,0.814005,0.812156,0.837251,0.814005,5.253801,0.2,distilbert-base-uncased,256.0,24.0,1.0,,MIND15/keep_all/BiAttentionClassifyModel,32.0
264,BiAttentionClassifyModel,42.0,0.0,base,0.618231,0.791532,0.790953,0.820349,0.791532,4.157452,0.616561,0.790535,0.79088,0.82093,0.790535,4.166,0.2,distilbert-base-uncased,100.0,24.0,1.0,,MIND15/keep_all/BiAttentionClassifyModel,32.0
265,BiAttentionClassifyModel,42.0,0.0,base,0.590083,0.805798,0.804105,0.831693,0.805798,4.495676,0.586867,0.805645,0.803466,0.828972,0.805645,4.502696,0.2,distilbert-base-uncased,100.0,24.0,1.0,,MIND15/keep_all/BiAttentionClassifyModel,32.0
266,BiAttentionClassifyModel,42.0,0.0,base,0.594688,0.800046,0.7975,0.823312,0.800046,4.494017,0.604391,0.794294,0.793619,0.822675,0.794294,4.501018,0.2,distilbert-base-uncased,100.0,60.0,1.0,,MIND15/keep_all/BiAttentionClassifyModel,
267,BiAttentionClassifyModel,25.0,0.0,base,0.614992,0.79414,0.789456,0.814576,0.79414,3.980263,0.619819,0.795674,0.79165,0.816986,0.795674,3.984357,0.2,distilbert-base-uncased,100.0,60.0,1.0,,MIND15/keep_all/BiAttentionClassifyModel,
268,BiAttentionClassifyModel,2021.0,0.0,base,0.607012,0.794217,0.789816,0.81513,0.794217,4.199494,0.604569,0.795214,0.790823,0.815244,0.795214,4.205788,0.2,distilbert-base-uncased,100.0,60.0,1.0,,MIND15/keep_all/BiAttentionClassifyModel,
269,BiAttentionClassifyModel,2020.0,0.0,base,0.596969,0.794907,0.789275,0.81449,0.794907,4.055113,0.603441,0.791839,0.786947,0.811762,0.791839,4.059349,0.2,distilbert-base-uncased,100.0,60.0,1.0,,MIND15/keep_all/BiAttentionClassifyModel,
270,BiAttentionClassifyModel,42.0,0.0,base,0.595976,0.798205,0.793004,0.818237,0.798205,4.115489,0.602966,0.795597,0.792316,0.818512,0.795597,4.121212,0.2,distilbert-base-uncased,100.0,60.0,1.0,,MIND15/keep_all/BiAttentionClassifyModel,
271,BiAttentionClassifyModel,42.0,0.0,base,0.592798,0.796825,0.793046,0.817235,0.796825,3.061857,0.597168,0.797822,0.793418,0.816414,0.797822,3.068338,0.2,distilbert-base-uncased,100.0,40.0,1.0,,MIND15/keep_all/BiAttentionClassifyModel,
272,BiAttentionClassifyModel,42.0,0.0,base,0.538753,0.812625,0.810129,0.834571,0.812625,3.758498,0.528232,0.818837,0.816399,0.8399,0.818837,3.769358,0.2,distilbert-base-uncased,512.0,40.0,1.0,,MIND15/keep_all/BiAttentionClassifyModel,
273,BiAttentionClassifyModel,42.0,0.0,base,0.776726,0.769213,0.771927,0.811797,0.769213,3.279986,0.785554,0.764841,0.767603,0.807853,0.764841,3.286291,0.5,glove,100.0,10.0,1.0,gru,MIND15/keep_all/BiAttentionClassifyModel,30.0
274,BiAttentionClassifyModel,25.0,0.0,base,0.706776,0.769673,0.756893,0.777824,0.769673,0.212117,0.709802,0.771744,0.758037,0.778377,0.771744,0.211842,0.2,glove,100.0,160.0,1.0,,MIND15/keep_all/BiAttentionClassifyModel,
275,BiAttentionClassifyModel,2021.0,0.0,base,0.708899,0.761697,0.753858,0.778987,0.761697,0.313063,0.710824,0.763154,0.757633,0.785166,0.763154,0.313142,0.2,glove,100.0,160.0,1.0,,MIND15/keep_all/BiAttentionClassifyModel,
276,BiAttentionClassifyModel,2020.0,0.0,base,0.689043,0.771898,0.758889,0.780265,0.771898,0.350549,0.694095,0.772588,0.759657,0.777407,0.772588,0.348998,0.2,glove,100.0,160.0,1.0,,MIND15/keep_all/BiAttentionClassifyModel,
277,BiAttentionClassifyModel,42.0,0.0,base,0.707571,0.767756,0.753069,0.772459,0.767756,0.317639,0.700791,0.767372,0.755862,0.777008,0.767372,0.31725,0.2,glove,100.0,160.0,1.0,,MIND15/keep_all/BiAttentionClassifyModel,
278,BiAttentionClassifyModel,4.0,0.0,base,0.707717,0.766529,0.75698,0.779319,0.766529,0.231496,0.704445,0.766068,0.760185,0.786744,0.766068,0.23145,0.2,glove,100.0,180.0,1.0,,MIND15/keep_all/BiAttentionClassifyModel,
279,BiAttentionClassifyModel,25.0,0.0,base,0.714207,0.764074,0.753031,0.774668,0.764074,0.179715,0.705995,0.769213,0.758546,0.780472,0.769213,0.179794,0.2,glove,100.0,180.0,1.0,,MIND15/keep_all/BiAttentionClassifyModel,
280,BiAttentionClassifyModel,2021.0,0.0,base,0.710216,0.763231,0.751447,0.771735,0.763231,0.213965,0.705677,0.771898,0.759189,0.776974,0.771898,0.213257,0.2,glove,100.0,180.0,1.0,,MIND15/keep_all/BiAttentionClassifyModel,
281,BiAttentionClassifyModel,2020.0,0.0,base,0.697387,0.76929,0.753252,0.772125,0.76929,0.276844,0.691365,0.77021,0.75435,0.77215,0.77021,0.276155,0.2,glove,100.0,180.0,1.0,,MIND15/keep_all/BiAttentionClassifyModel,
282,BiAttentionClassifyModel,42.0,0.0,base,0.721154,0.766759,0.755079,0.775379,0.766759,0.205699,0.71784,0.766989,0.758306,0.780791,0.766989,0.204974,0.2,glove,100.0,180.0,1.0,,MIND15/keep_all/BiAttentionClassifyModel,
283,BiAttentionClassifyModel,4.0,0.0,base,0.718239,0.765608,0.752312,0.77414,0.765608,0.79814,0.712997,0.765148,0.752711,0.774539,0.765148,0.797795,0.2,glove,100.0,140.0,1.0,,MIND15/keep_all/BiAttentionClassifyModel,
284,BiAttentionClassifyModel,25.0,0.0,base,0.717222,0.772281,0.759884,0.781253,0.772281,0.232062,0.707532,0.773048,0.761605,0.782109,0.773048,0.232356,0.2,glove,100.0,140.0,1.0,,MIND15/keep_all/BiAttentionClassifyModel,
285,BiAttentionClassifyModel,2021.0,0.0,base,0.701393,0.766605,0.756147,0.780261,0.766605,0.588357,0.694437,0.768906,0.758496,0.780979,0.768906,0.588781,0.2,glove,100.0,140.0,1.0,,MIND15/keep_all/BiAttentionClassifyModel,
286,BiAttentionClassifyModel,2020.0,0.0,base,0.685793,0.773125,0.759519,0.782449,0.773125,1.155025,0.682899,0.773892,0.758581,0.77746,0.773892,1.155107,0.2,glove,100.0,140.0,1.0,,MIND15/keep_all/BiAttentionClassifyModel,
287,BiAttentionClassifyModel,42.0,0.0,base,0.700863,0.770057,0.758867,0.779438,0.770057,1.466,0.691014,0.772051,0.759253,0.777543,0.772051,1.467869,0.2,glove,100.0,140.0,1.0,,MIND15/keep_all/BiAttentionClassifyModel,
288,BiAttentionClassifyModel,4.0,0.0,base,0.698221,0.771054,0.756221,0.774182,0.771054,2.057517,0.68086,0.778417,0.767288,0.787652,0.778417,2.058152,0.2,glove,100.0,120.0,1.0,,MIND15/keep_all/BiAttentionClassifyModel,
289,BiAttentionClassifyModel,25.0,0.0,base,0.689866,0.772588,0.763369,0.786557,0.772588,1.243561,0.679013,0.77811,0.769633,0.791255,0.77811,1.24498,0.2,glove,100.0,120.0,1.0,,MIND15/keep_all/BiAttentionClassifyModel,
290,BiAttentionClassifyModel,2021.0,0.0,base,0.675618,0.773278,0.757587,0.779062,0.773278,2.267865,0.665483,0.784553,0.769906,0.791366,0.784553,2.270845,0.2,glove,100.0,120.0,1.0,,MIND15/keep_all/BiAttentionClassifyModel,
291,BiAttentionClassifyModel,2020.0,0.0,base,0.686548,0.774659,0.764262,0.787883,0.774659,2.339023,0.68526,0.77857,0.768267,0.788052,0.77857,2.342108,0.2,glove,100.0,120.0,1.0,,MIND15/keep_all/BiAttentionClassifyModel,
292,BiAttentionClassifyModel,42.0,0.0,base,0.705837,0.766375,0.762795,0.790309,0.766375,2.408626,0.707739,0.765532,0.763613,0.791644,0.765532,2.411904,0.2,glove,100.0,120.0,1.0,,MIND15/keep_all/BiAttentionClassifyModel,
293,BiAttentionClassifyModel,4.0,0.0,base,0.675479,0.777266,0.766493,0.790096,0.777266,2.756851,0.674761,0.778417,0.767199,0.788671,0.778417,2.761515,0.2,glove,100.0,100.0,1.0,,MIND15/keep_all/BiAttentionClassifyModel,
294,BiAttentionClassifyModel,25.0,0.0,base,0.727186,0.768369,0.767327,0.798344,0.768369,1.953122,0.724483,0.773662,0.773263,0.804174,0.773662,1.955974,0.2,glove,100.0,100.0,1.0,,MIND15/keep_all/BiAttentionClassifyModel,
295,BiAttentionClassifyModel,2021.0,0.0,base,0.683098,0.776346,0.767933,0.791658,0.776346,2.649102,0.674028,0.781331,0.774365,0.797804,0.781331,2.652956,0.2,glove,100.0,100.0,1.0,,MIND15/keep_all/BiAttentionClassifyModel,
296,BiAttentionClassifyModel,2020.0,0.0,base,0.687636,0.776193,0.763902,0.785491,0.776193,3.044364,0.672367,0.780411,0.768948,0.791369,0.780411,3.048982,0.2,glove,100.0,100.0,1.0,,MIND15/keep_all/BiAttentionClassifyModel,
297,BiAttentionClassifyModel,42.0,0.0,base,0.67606,0.777497,0.766442,0.78714,0.777497,2.772897,0.665734,0.781945,0.772244,0.792728,0.781945,2.778594,0.2,glove,100.0,100.0,1.0,,MIND15/keep_all/BiAttentionClassifyModel,
298,BiAttentionClassifyModel,4.0,0.0,base,0.681112,0.779107,0.767766,0.789551,0.779107,3.282639,0.668805,0.783402,0.772685,0.793478,0.783402,3.289731,0.2,glove,100.0,80.0,1.0,,MIND15/keep_all/BiAttentionClassifyModel,
299,BiAttentionClassifyModel,25.0,0.0,base,0.675331,0.77788,0.772982,0.797955,0.77788,3.342381,0.667942,0.782635,0.778243,0.802762,0.782635,3.348524,0.2,glove,100.0,80.0,1.0,,MIND15/keep_all/BiAttentionClassifyModel,
300,BiAttentionClassifyModel,2021.0,0.0,base,0.679356,0.776423,0.769002,0.793263,0.776423,3.181994,0.666451,0.781638,0.77434,0.797419,0.781638,3.188145,0.2,glove,100.0,80.0,1.0,,MIND15/keep_all/BiAttentionClassifyModel,
301,BiAttentionClassifyModel,2020.0,0.0,base,0.702622,0.773355,0.761098,0.782133,0.773355,3.183921,0.685223,0.778264,0.765506,0.784086,0.778264,3.190011,0.2,glove,100.0,80.0,1.0,,MIND15/keep_all/BiAttentionClassifyModel,
302,BiAttentionClassifyModel,42.0,0.0,base,0.678589,0.776499,0.761263,0.7819,0.776499,3.335749,0.673563,0.780334,0.766926,0.78905,0.780334,3.342037,0.2,glove,100.0,80.0,1.0,,MIND15/keep_all/BiAttentionClassifyModel,
303,BiAttentionClassifyModel,4.0,0.0,base,0.679812,0.779414,0.767241,0.788,0.779414,3.305575,0.675823,0.780718,0.770664,0.794488,0.780718,3.311281,0.2,glove,100.0,60.0,1.0,,MIND15/keep_all/BiAttentionClassifyModel,
304,BiAttentionClassifyModel,25.0,0.0,base,0.678897,0.775272,0.773888,0.803388,0.775272,3.181591,0.680506,0.780104,0.777305,0.803326,0.780104,3.187861,0.2,glove,100.0,60.0,1.0,,MIND15/keep_all/BiAttentionClassifyModel,
305,BiAttentionClassifyModel,2021.0,0.0,base,0.67418,0.781101,0.778396,0.806688,0.781101,3.569063,0.670347,0.783172,0.780101,0.806781,0.783172,3.575781,0.2,glove,100.0,60.0,1.0,,MIND15/keep_all/BiAttentionClassifyModel,
306,BiAttentionClassifyModel,2020.0,0.0,base,0.679205,0.77788,0.77049,0.795229,0.77788,3.560325,0.673194,0.783096,0.776102,0.799336,0.783096,3.566945,0.2,glove,100.0,60.0,1.0,,MIND15/keep_all/BiAttentionClassifyModel,
307,BiAttentionClassifyModel,42.0,0.0,base,0.669071,0.780795,0.769366,0.79149,0.780795,3.455045,0.666499,0.780181,0.767531,0.787684,0.780181,3.46154,0.2,glove,100.0,60.0,1.0,,MIND15/keep_all/BiAttentionClassifyModel,
308,BiAttentionClassifyModel,4.0,0.0,base,0.67132,0.778494,0.769252,0.791464,0.778494,3.435853,0.665937,0.783402,0.773911,0.793947,0.783402,3.443004,0.2,glove,100.0,40.0,1.0,,MIND15/keep_all/BiAttentionClassifyModel,
309,BiAttentionClassifyModel,25.0,0.0,base,0.680051,0.777266,0.761434,0.781053,0.777266,3.406949,0.669215,0.780871,0.767062,0.785352,0.780871,3.414624,0.2,glove,100.0,40.0,1.0,,MIND15/keep_all/BiAttentionClassifyModel,
310,BiAttentionClassifyModel,2021.0,0.0,base,0.668604,0.783402,0.775363,0.797502,0.783402,3.380076,0.659322,0.786624,0.780542,0.803372,0.786624,3.38645,0.2,glove,100.0,40.0,1.0,,MIND15/keep_all/BiAttentionClassifyModel,
311,BiAttentionClassifyModel,2020.0,0.0,base,0.672912,0.776423,0.768876,0.793523,0.776423,3.45457,0.669277,0.78463,0.776485,0.799817,0.78463,3.460315,0.2,glove,100.0,40.0,1.0,,MIND15/keep_all/BiAttentionClassifyModel,
312,BiAttentionClassifyModel,42.0,0.0,base,0.679834,0.782559,0.776407,0.800916,0.782559,3.293055,0.67317,0.781562,0.775995,0.798865,0.781562,3.300053,0.2,glove,100.0,40.0,1.0,,MIND15/keep_all/BiAttentionClassifyModel,
313,BiAttentionClassifyModel,4.0,0.0,combined_mha,0.646947,0.783019,0.778067,0.803358,0.783019,,0.643925,0.783709,0.779393,0.803855,0.783709,,0.2,glove,100.0,20.0,1.0,,MIND15/keep_all/BiAttentionClassifyModel,
314,BiAttentionClassifyModel,25.0,0.0,combined_mha,0.656345,0.778647,0.768514,0.790271,0.778647,,0.659364,0.779031,0.771008,0.794759,0.779031,,0.2,glove,100.0,20.0,1.0,,MIND15/keep_all/BiAttentionClassifyModel,
315,BiAttentionClassifyModel,2021.0,0.0,combined_mha,0.657334,0.77857,0.76853,0.792363,0.77857,,0.654967,0.782712,0.772818,0.793798,0.782712,,0.2,glove,100.0,20.0,1.0,,MIND15/keep_all/BiAttentionClassifyModel,
316,BiAttentionClassifyModel,2020.0,0.0,combined_mha,0.674194,0.775042,0.773045,0.801673,0.775042,,0.675261,0.7788,0.778434,0.808332,0.7788,,0.2,glove,100.0,20.0,1.0,,MIND15/keep_all/BiAttentionClassifyModel,
317,BiAttentionClassifyModel,42.0,0.0,combined_mha,0.665282,0.774659,0.770528,0.797797,0.774659,,0.664839,0.780104,0.776067,0.80182,0.780104,,0.2,glove,100.0,20.0,1.0,,MIND15/keep_all/BiAttentionClassifyModel,
